machine_id,timestamp,temperature,pressure,vibration,acoustic,operational_hours,maintenance_performed
MCH-001,2024-04-17T07:22:44.167646Z,88,190,0.006,25,1794,0
MCH-001,2024-04-17T08:22:44.167646Z,84,174,0.006,21,1800,0
MCH-001,2024-04-17T09:22:44.167646Z,94,184,0.004,23,1808,1
MCH-001,2024-04-17T11:22:44.167646Z,93,172,0.004,20,1811,1
MCH-001,2024-04-17T12:22:44.167646Z,92,181,0.011,26,1816,0
MCH-001,2024-04-17T13:22:44.167646Z,83,168,0.003,20,1820,1
MCH-001,2024-04-17T14:22:44.167646Z,87,180,0.01,24,1829,1
MCH-001,2024-04-17T16:22:44.167646Z,90,188,0.008,27,1832,0
MCH-001,2024-04-17T19:22:44.167646Z,92,181,0.009,21,1840,0
MCH-001,2024-04-17T21:22:44.167646Z,83,170,0.007,23,1846,0
MCH-002,2024-04-17T07:22:44.167888Z,82,170,0.007,22,1455,1
MCH-002,2024-04-17T10:22:44.167888Z,82,178,0.01,18,1464,1
MCH-002,2024-04-17T11:22:44.167888Z,94,186,0.004,27,1470,1
MCH-002,2024-04-17T14:22:44.167888Z,94,185,0.002,25,1474,0
MCH-002,2024-04-17T16:22:44.167888Z,83,172,0.007,20,1482,1
MCH-002,2024-04-17T17:22:44.167888Z,83,184,0.007,25,1483,1
MCH-002,2024-04-17T19:22:44.167888Z,84,177,0.01,24,1486,1
MCH-002,2024-04-17T21:22:44.167888Z,86,188,0.007,21,1492,0
MCH-002,2024-04-17T23:22:44.167888Z,90,174,0.004,24,1502,1
MCH-002,2024-04-18T01:22:44.167888Z,87,173,0.004,21,1503,0
MCH-003,2024-04-17T06:22:44.168090Z,82,190,0.011,26,1058,0
MCH-003,2024-04-17T07:22:44.168090Z,89,170,0.009,24,1059,0
MCH-003,2024-04-17T09:22:44.168090Z,89,169,0.006,20,1068,1
MCH-003,2024-04-17T11:22:44.168090Z,91,186,0.009,20,1075,1
MCH-003,2024-04-17T14:22:44.168090Z,94,177,0.009,27,1078,1
MCH-003,2024-04-17T16:22:44.168090Z,90,175,0.011,27,1082,1
MCH-003,2024-04-17T19:22:44.168090Z,81,178,0.005,22,1088,1
MCH-003,2024-04-17T20:22:44.168090Z,90,187,0.006,20,1094,1
MCH-003,2024-04-17T22:22:44.168090Z,81,190,0.005,26,1103,1
MCH-003,2024-04-18T01:22:44.168090Z,87,178,0.006,20,1111,1
MCH-004,2024-04-17T07:22:44.168260Z,92,190,0.005,25,1351,0
MCH-004,2024-04-17T10:22:44.168260Z,85,176,0.005,27,1354,1
MCH-004,2024-04-17T13:22:44.168260Z,93,187,0.005,19,1361,0
MCH-004,2024-04-17T14:22:44.168260Z,81,181,0.006,19,1371,1
MCH-004,2024-04-17T16:22:44.168260Z,90,169,0.005,19,1374,0
MCH-004,2024-04-17T18:22:44.168260Z,86,183,0.004,25,1375,1
MCH-004,2024-04-17T20:22:44.168260Z,86,184,0.012,20,1385,1
MCH-004,2024-04-17T23:22:44.168260Z,90,185,0.003,25,1389,0
MCH-004,2024-04-18T01:22:44.168260Z,93,172,0.009,19,1394,0
MCH-004,2024-04-18T04:22:44.168260Z,91,190,0.008,19,1399,1
MCH-005,2024-04-17T07:22:44.168442Z,89,179,0.009,25,1940,1
MCH-005,2024-04-17T10:22:44.168442Z,85,175,0.008,23,1943,1
MCH-005,2024-04-17T12:22:44.168442Z,92,171,0.005,23,1947,0
MCH-005,2024-04-17T15:22:44.168442Z,93,168,0.009,27,1956,0
MCH-005,2024-04-17T18:22:44.168442Z,86,181,0.008,20,1962,0
MCH-005,2024-04-17T21:22:44.168442Z,84,178,0.004,24,1968,0
MCH-005,2024-04-17T22:22:44.168442Z,85,168,0.004,19,1970,0
MCH-005,2024-04-17T23:22:44.168442Z,83,172,0.009,23,1977,1
MCH-005,2024-04-18T00:22:44.168442Z,81,169,0.003,25,1983,0
MCH-005,2024-04-18T01:22:44.168442Z,83,186,0.011,19,1993,1
MCH-006,2024-04-17T08:22:44.168691Z,83,187,0.003,25,1557,1
MCH-006,2024-04-17T10:22:44.168691Z,92,179,0.004,21,1565,1
MCH-006,2024-04-17T12:22:44.168691Z,88,178,0.007,19,1570,1
MCH-006,2024-04-17T14:22:44.168691Z,92,179,0.003,24,1575,0
MCH-006,2024-04-17T17:22:44.168691Z,82,168,0.006,21,1576,0
MCH-006,2024-04-17T20:22:44.168691Z,84,174,0.006,21,1583,0
MCH-006,2024-04-17T23:22:44.168691Z,87,183,0.007,26,1589,0
MCH-006,2024-04-18T02:22:44.168691Z,87,169,0.011,22,1595,0
MCH-006,2024-04-18T03:22:44.168691Z,81,173,0.01,27,1603,0
MCH-006,2024-04-18T04:22:44.168691Z,81,171,0.005,23,1604,0
MCH-007,2024-04-17T06:22:44.168890Z,92,172,0.011,25,1811,1
MCH-007,2024-04-17T07:22:44.168890Z,93,172,0.012,18,1817,1
MCH-007,2024-04-17T10:22:44.168890Z,92,181,0.009,18,1821,1
MCH-007,2024-04-17T12:22:44.168890Z,94,181,0.004,19,1824,0
MCH-007,2024-04-17T15:22:44.168890Z,93,175,0.006,27,1831,1
MCH-007,2024-04-17T17:22:44.168890Z,81,176,0.007,21,1838,1
MCH-007,2024-04-17T20:22:44.168890Z,85,183,0.005,22,1843,0
MCH-007,2024-04-17T23:22:44.168890Z,90,174,0.007,23,1844,0
MCH-007,2024-04-18T02:22:44.168890Z,82,186,0.006,25,1850,1
MCH-007,2024-04-18T04:22:44.168890Z,91,181,0.012,23,1851,0
MCH-008,2024-04-17T08:22:44.169075Z,84,182,0.008,21,1386,1
MCH-008,2024-04-17T11:22:44.169075Z,85,186,0.01,26,1393,0
MCH-008,2024-04-17T14:22:44.169075Z,86,188,0.011,24,1394,0
MCH-008,2024-04-17T17:22:44.169075Z,86,174,0.006,25,1396,0
MCH-008,2024-04-17T19:22:44.169075Z,89,170,0.01,24,1406,0
MCH-008,2024-04-17T21:22:44.169075Z,94,183,0.004,27,1408,1
MCH-008,2024-04-17T23:22:44.169075Z,84,184,0.002,24,1418,0
MCH-008,2024-04-18T02:22:44.169075Z,87,190,0.009,23,1421,0
MCH-008,2024-04-18T03:22:44.169075Z,91,179,0.009,20,1424,0
MCH-008,2024-04-18T06:22:44.169075Z,86,171,0.011,20,1433,0
MCH-009,2024-04-17T07:22:44.169252Z,82,187,0.01,18,1731,1
MCH-009,2024-04-17T08:22:44.169252Z,83,186,0.012,23,1732,1
MCH-009,2024-04-17T10:22:44.169252Z,91,180,0.007,22,1740,0
MCH-009,2024-04-17T11:22:44.169252Z,85,176,0.005,27,1745,0
MCH-009,2024-04-17T13:22:44.169252Z,88,179,0.003,20,1751,1
MCH-009,2024-04-17T15:22:44.169252Z,94,181,0.01,26,1755,0
MCH-009,2024-04-17T17:22:44.169252Z,84,181,0.008,22,1763,1
MCH-009,2024-04-17T20:22:44.169252Z,82,176,0.01,18,1765,0
MCH-009,2024-04-17T23:22:44.169252Z,84,178,0.011,25,1766,1
MCH-009,2024-04-18T01:22:44.169252Z,85,172,0.003,25,1768,1
MCH-010,2024-04-17T07:22:44.169430Z,91,186,0.008,20,1280,0
MCH-010,2024-04-17T08:22:44.169430Z,84,178,0.003,18,1287,1
MCH-010,2024-04-17T10:22:44.169430Z,89,184,0.005,25,1288,0
MCH-010,2024-04-17T13:22:44.169430Z,87,181,0.01,19,1291,0
MCH-010,2024-04-17T16:22:44.169430Z,91,180,0.008,23,1299,1
MCH-010,2024-04-17T19:22:44.169430Z,91,177,0.003,20,1309,0
MCH-010,2024-04-17T22:22:44.169430Z,92,169,0.008,19,1317,1
MCH-010,2024-04-17T23:22:44.169430Z,83,183,0.01,18,1319,0
MCH-010,2024-04-18T00:22:44.169430Z,88,174,0.007,22,1321,1
MCH-010,2024-04-18T03:22:44.169430Z,82,186,0.011,26,1330,1
MCH-011,2024-04-17T07:22:44.169633Z,84,173,0.011,26,1069,1
MCH-011,2024-04-17T09:22:44.169633Z,88,179,0.003,25,1071,1
MCH-011,2024-04-17T12:22:44.169633Z,88,187,0.002,26,1073,1
MCH-011,2024-04-17T14:22:44.169633Z,94,185,0.011,18,1080,0
MCH-011,2024-04-17T15:22:44.169633Z,82,176,0.009,22,1090,0
MCH-011,2024-04-17T16:22:44.169633Z,83,174,0.011,20,1097,0
MCH-011,2024-04-17T18:22:44.169633Z,83,185,0.004,24,1104,1
MCH-011,2024-04-17T20:22:44.169633Z,93,175,0.007,22,1105,0
MCH-011,2024-04-17T23:22:44.169633Z,84,183,0.008,23,1111,0
MCH-011,2024-04-18T00:22:44.169633Z,82,183,0.006,20,1120,1
MCH-012,2024-04-17T06:22:44.169797Z,89,175,0.01,20,1486,1
MCH-012,2024-04-17T07:22:44.169797Z,94,186,0.005,19,1492,1
MCH-012,2024-04-17T08:22:44.169797Z,87,176,0.002,27,1499,1
MCH-012,2024-04-17T10:22:44.169797Z,93,178,0.006,26,1505,0
MCH-012,2024-04-17T13:22:44.169797Z,91,173,0.012,19,1514,0
MCH-012,2024-04-17T16:22:44.169797Z,91,176,0.008,26,1522,0
MCH-012,2024-04-17T17:22:44.169797Z,92,168,0.009,19,1529,1
MCH-012,2024-04-17T18:22:44.169797Z,85,188,0.008,24,1530,1
MCH-012,2024-04-17T21:22:44.169797Z,81,169,0.009,22,1538,1
MCH-012,2024-04-17T23:22:44.169797Z,94,180,0.005,19,1545,1
MCH-013,2024-04-17T06:22:44.169953Z,85,185,0.012,19,1104,1
MCH-013,2024-04-17T09:22:44.169953Z,86,184,0.01,18,1108,1
MCH-013,2024-04-17T11:22:44.169953Z,84,186,0.009,22,1112,1
MCH-013,2024-04-17T13:22:44.169953Z,82,179,0.004,26,1114,1
MCH-013,2024-04-17T14:22:44.169953Z,85,190,0.009,22,1118,1
MCH-013,2024-04-17T17:22:44.169953Z,82,180,0.009,19,1125,0
MCH-013,2024-04-17T19:22:44.169953Z,91,190,0.002,23,1134,1
MCH-013,2024-04-17T22:22:44.169953Z,84,183,0.011,23,1144,0
MCH-013,2024-04-18T00:22:44.169953Z,84,190,0.011,25,1154,0
MCH-013,2024-04-18T01:22:44.169953Z,87,184,0.005,27,1158,1
MCH-014,2024-04-17T06:22:44.170374Z,91,168,0.004,25,1720,1
MCH-014,2024-04-17T07:22:44.170374Z,82,170,0.009,27,1727,0
MCH-014,2024-04-17T10:22:44.170374Z,82,173,0.006,18,1734,0
MCH-014,2024-04-17T11:22:44.170374Z,87,168,0.01,26,1740,0
MCH-014,2024-04-17T14:22:44.170374Z,89,179,0.008,25,1742,1
MCH-014,2024-04-17T15:22:44.170374Z,94,188,0.005,26,1743,0
MCH-014,2024-04-17T18:22:44.170374Z,86,179,0.01,18,1747,0
MCH-014,2024-04-17T19:22:44.170374Z,88,178,0.011,23,1754,1
MCH-014,2024-04-17T21:22:44.170374Z,93,179,0.008,22,1763,0
MCH-014,2024-04-17T23:22:44.170374Z,81,176,0.005,25,1770,0
MCH-015,2024-04-17T07:22:44.170581Z,87,168,0.01,23,1327,1
MCH-015,2024-04-17T09:22:44.170581Z,83,181,0.01,24,1329,1
MCH-015,2024-04-17T11:22:44.170581Z,83,168,0.01,20,1336,0
MCH-015,2024-04-17T14:22:44.170581Z,92,176,0.01,20,1337,1
MCH-015,2024-04-17T15:22:44.170581Z,93,176,0.011,24,1346,0
MCH-015,2024-04-17T18:22:44.170581Z,92,179,0.007,19,1356,0
MCH-015,2024-04-17T21:22:44.170581Z,93,181,0.009,20,1360,0
MCH-015,2024-04-18T00:22:44.170581Z,86,175,0.008,23,1363,0
MCH-015,2024-04-18T02:22:44.170581Z,85,188,0.007,21,1371,1
MCH-015,2024-04-18T05:22:44.170581Z,86,190,0.005,24,1374,0
MCH-016,2024-04-17T07:22:44.170758Z,84,186,0.004,23,1739,0
MCH-016,2024-04-17T09:22:44.170758Z,88,168,0.004,27,1744,0
MCH-016,2024-04-17T10:22:44.170758Z,85,170,0.003,20,1750,0
MCH-016,2024-04-17T13:22:44.170758Z,85,184,0.005,27,1752,0
MCH-016,2024-04-17T16:22:44.170758Z,90,174,0.006,23,1756,0
MCH-016,2024-04-17T19:22:44.170758Z,87,169,0.002,22,1758,0
MCH-016,2024-04-17T22:22:44.170758Z,85,184,0.004,24,1763,0
MCH-016,2024-04-17T23:22:44.170758Z,92,178,0.011,22,1771,1
MCH-016,2024-04-18T00:22:44.170758Z,88,173,0.01,25,1774,0
MCH-016,2024-04-18T01:22:44.170758Z,90,184,0.005,26,1783,0
MCH-017,2024-04-17T08:22:44.170945Z,88,184,0.003,26,1931,1
MCH-017,2024-04-17T10:22:44.170945Z,81,189,0.007,19,1938,0
MCH-017,2024-04-17T13:22:44.170945Z,89,178,0.009,25,1942,0
MCH-017,2024-04-17T14:22:44.170945Z,83,182,0.004,25,1952,1
MCH-017,2024-04-17T17:22:44.170945Z,93,176,0.008,23,1956,1
MCH-017,2024-04-17T20:22:44.170945Z,94,182,0.003,27,1963,1
MCH-017,2024-04-17T22:22:44.170945Z,88,173,0.006,26,1971,0
MCH-017,2024-04-17T23:22:44.170945Z,86,172,0.011,18,1980,0
MCH-017,2024-04-18T01:22:44.170945Z,85,168,0.004,22,1986,0
MCH-017,2024-04-18T02:22:44.170945Z,90,183,0.008,18,1994,0
MCH-018,2024-04-17T08:22:44.171154Z,87,178,0.011,26,1207,0
MCH-018,2024-04-17T09:22:44.171154Z,91,179,0.005,27,1214,1
MCH-018,2024-04-17T10:22:44.171154Z,91,171,0.01,25,1223,0
MCH-018,2024-04-17T12:22:44.171154Z,94,180,0.008,22,1226,1
MCH-018,2024-04-17T13:22:44.171154Z,91,171,0.004,18,1231,1
MCH-018,2024-04-17T14:22:44.171154Z,86,174,0.006,20,1239,1
MCH-018,2024-04-17T16:22:44.171154Z,91,186,0.011,27,1240,1
MCH-018,2024-04-17T19:22:44.171154Z,93,186,0.003,24,1244,1
MCH-018,2024-04-17T20:22:44.171154Z,82,186,0.011,20,1247,0
MCH-018,2024-04-17T21:22:44.171154Z,92,185,0.007,24,1257,1
MCH-019,2024-04-17T07:22:44.171368Z,82,181,0.005,23,1156,1
MCH-019,2024-04-17T10:22:44.171368Z,88,190,0.003,18,1163,0
MCH-019,2024-04-17T12:22:44.171368Z,87,180,0.009,27,1168,1
MCH-019,2024-04-17T14:22:44.171368Z,88,182,0.011,18,1171,0
MCH-019,2024-04-17T16:22:44.171368Z,90,182,0.01,21,1180,1
MCH-019,2024-04-17T19:22:44.171368Z,85,173,0.008,19,1181,0
MCH-019,2024-04-17T22:22:44.171368Z,92,168,0.006,19,1183,1
MCH-019,2024-04-18T00:22:44.171368Z,94,187,0.008,26,1193,0
MCH-019,2024-04-18T01:22:44.171368Z,94,185,0.009,23,1203,0
MCH-019,2024-04-18T04:22:44.171368Z,85,180,0.008,22,1207,0
MCH-020,2024-04-17T06:22:44.171595Z,83,176,0.004,19,1608,1
MCH-020,2024-04-17T09:22:44.171595Z,93,183,0.002,22,1616,0
MCH-020,2024-04-17T11:22:44.171595Z,86,178,0.008,19,1626,1
MCH-020,2024-04-17T14:22:44.171595Z,89,190,0.008,26,1635,0
MCH-020,2024-04-17T15:22:44.171595Z,87,182,0.003,19,1637,0
MCH-020,2024-04-17T17:22:44.171595Z,85,175,0.011,26,1643,1
MCH-020,2024-04-17T19:22:44.171595Z,85,176,0.008,22,1650,0
MCH-020,2024-04-17T20:22:44.171595Z,90,187,0.007,25,1660,0
MCH-020,2024-04-17T21:22:44.171595Z,87,184,0.009,24,1667,1
MCH-020,2024-04-18T00:22:44.171595Z,94,190,0.012,22,1668,1
MCH-021,2024-04-17T07:22:44.171781Z,82,176,0.003,22,1244,0
MCH-021,2024-04-17T10:22:44.171781Z,86,181,0.01,24,1252,0
MCH-021,2024-04-17T11:22:44.171781Z,91,169,0.007,24,1255,1
MCH-021,2024-04-17T12:22:44.171781Z,90,169,0.005,27,1264,1
MCH-021,2024-04-17T14:22:44.171781Z,84,168,0.003,24,1268,1
MCH-021,2024-04-17T15:22:44.171781Z,87,175,0.003,21,1270,0
MCH-021,2024-04-17T16:22:44.171781Z,82,184,0.01,19,1271,1
MCH-021,2024-04-17T19:22:44.171781Z,85,179,0.006,18,1272,0
MCH-021,2024-04-17T22:22:44.171781Z,90,168,0.011,25,1275,0
MCH-021,2024-04-17T23:22:44.171781Z,90,181,0.003,18,1285,1
MCH-022,2024-04-17T07:22:44.171959Z,81,170,0.011,26,1760,1
MCH-022,2024-04-17T09:22:44.171959Z,89,179,0.005,22,1766,1
MCH-022,2024-04-17T10:22:44.171959Z,86,174,0.008,25,1773,1
MCH-022,2024-04-17T12:22:44.171959Z,82,169,0.002,18,1777,0
MCH-022,2024-04-17T14:22:44.171959Z,94,182,0.007,18,1781,0
MCH-022,2024-04-17T17:22:44.171959Z,93,185,0.01,27,1787,1
MCH-022,2024-04-17T18:22:44.171959Z,87,179,0.007,23,1789,0
MCH-022,2024-04-17T19:22:44.171959Z,86,182,0.006,23,1793,1
MCH-022,2024-04-17T20:22:44.171959Z,87,177,0.002,26,1797,1
MCH-022,2024-04-17T22:22:44.171959Z,84,170,0.002,25,1800,0
MCH-023,2024-04-17T06:22:44.172278Z,86,185,0.01,20,1996,1
MCH-023,2024-04-17T09:22:44.172278Z,89,176,0.006,18,2005,0
MCH-023,2024-04-17T12:22:44.172278Z,92,171,0.006,19,2012,0
MCH-023,2024-04-17T13:22:44.172278Z,89,180,0.004,25,2013,0
MCH-023,2024-04-17T15:22:44.172278Z,88,170,0.006,27,2014,0
MCH-023,2024-04-17T18:22:44.172278Z,85,175,0.008,19,2024,0
MCH-023,2024-04-17T20:22:44.172278Z,90,180,0.012,19,2031,0
MCH-023,2024-04-17T21:22:44.172278Z,92,181,0.01,26,2036,0
MCH-023,2024-04-17T22:22:44.172278Z,85,178,0.007,18,2046,1
MCH-023,2024-04-18T01:22:44.172278Z,86,184,0.01,24,2054,0
MCH-024,2024-04-17T06:22:44.172488Z,91,177,0.003,25,1305,1
MCH-024,2024-04-17T08:22:44.172488Z,89,185,0.005,26,1309,0
MCH-024,2024-04-17T09:22:44.172488Z,84,177,0.008,25,1315,0
MCH-024,2024-04-17T12:22:44.172488Z,83,182,0.005,27,1321,1
MCH-024,2024-04-17T15:22:44.172488Z,92,180,0.005,21,1324,1
MCH-024,2024-04-17T18:22:44.172488Z,84,172,0.006,18,1332,0
MCH-024,2024-04-17T19:22:44.172488Z,85,170,0.01,26,1333,1
MCH-024,2024-04-17T21:22:44.172488Z,86,183,0.008,24,1337,1
MCH-024,2024-04-17T22:22:44.172488Z,84,170,0.007,23,1341,0
MCH-024,2024-04-18T00:22:44.172488Z,91,171,0.006,24,1348,1
MCH-025,2024-04-17T06:22:44.172733Z,92,188,0.009,19,1707,1
MCH-025,2024-04-17T07:22:44.172733Z,86,185,0.011,22,1709,0
MCH-025,2024-04-17T09:22:44.172733Z,91,171,0.008,18,1717,0
MCH-025,2024-04-17T11:22:44.172733Z,89,174,0.005,18,1719,0
MCH-025,2024-04-17T12:22:44.172733Z,81,176,0.01,22,1729,0
MCH-025,2024-04-17T14:22:44.172733Z,82,170,0.012,26,1730,1
MCH-025,2024-04-17T15:22:44.172733Z,86,190,0.003,22,1740,0
MCH-025,2024-04-17T18:22:44.172733Z,88,170,0.009,23,1744,1
MCH-025,2024-04-17T19:22:44.172733Z,94,185,0.009,21,1745,0
MCH-025,2024-04-17T22:22:44.172733Z,84,184,0.006,23,1752,1
MCH-026,2024-04-17T08:22:44.172925Z,91,182,0.003,25,1382,0
MCH-026,2024-04-17T11:22:44.172925Z,88,172,0.005,20,1385,1
MCH-026,2024-04-17T14:22:44.172925Z,83,179,0.01,25,1394,0
MCH-026,2024-04-17T16:22:44.172925Z,84,187,0.011,18,1397,0
MCH-026,2024-04-17T18:22:44.172925Z,83,169,0.012,21,1407,0
MCH-026,2024-04-17T20:22:44.172925Z,85,180,0.011,18,1415,1
MCH-026,2024-04-17T21:22:44.172925Z,87,170,0.007,26,1424,0
MCH-026,2024-04-18T00:22:44.172925Z,90,168,0.002,21,1428,0
MCH-026,2024-04-18T02:22:44.172925Z,88,169,0.01,19,1429,1
MCH-026,2024-04-18T05:22:44.172925Z,84,180,0.005,24,1433,1
MCH-027,2024-04-17T07:22:44.173107Z,82,189,0.008,23,1229,1
MCH-027,2024-04-17T08:22:44.173107Z,86,174,0.011,25,1230,1
MCH-027,2024-04-17T11:22:44.173107Z,89,170,0.01,22,1237,1
MCH-027,2024-04-17T12:22:44.173107Z,83,186,0.01,24,1243,0
MCH-027,2024-04-17T15:22:44.173107Z,86,187,0.011,27,1247,0
MCH-027,2024-04-17T18:22:44.173107Z,82,169,0.006,23,1254,0
MCH-027,2024-04-17T19:22:44.173107Z,81,181,0.007,22,1261,1
MCH-027,2024-04-17T21:22:44.173107Z,93,169,0.009,25,1267,0
MCH-027,2024-04-18T00:22:44.173107Z,94,168,0.009,25,1275,1
MCH-027,2024-04-18T01:22:44.173107Z,85,174,0.007,18,1283,1
MCH-028,2024-04-17T06:22:44.173305Z,93,169,0.003,24,1403,0
MCH-028,2024-04-17T08:22:44.173305Z,83,173,0.006,22,1405,1
MCH-028,2024-04-17T11:22:44.173305Z,88,171,0.003,22,1406,0
MCH-028,2024-04-17T12:22:44.173305Z,83,174,0.004,19,1416,0
MCH-028,2024-04-17T13:22:44.173305Z,81,181,0.009,24,1422,1
MCH-028,2024-04-17T16:22:44.173305Z,94,185,0.01,25,1423,0
MCH-028,2024-04-17T17:22:44.173305Z,88,171,0.003,22,1430,0
MCH-028,2024-04-17T18:22:44.173305Z,84,180,0.003,21,1431,1
MCH-028,2024-04-17T20:22:44.173305Z,90,170,0.008,26,1438,1
MCH-028,2024-04-17T22:22:44.173305Z,93,171,0.004,21,1440,1
MCH-029,2024-04-17T08:22:44.173493Z,87,183,0.007,24,1798,0
MCH-029,2024-04-17T09:22:44.173493Z,83,182,0.007,23,1806,1
MCH-029,2024-04-17T12:22:44.173493Z,84,187,0.011,22,1813,1
MCH-029,2024-04-17T13:22:44.173493Z,94,177,0.008,22,1822,0
MCH-029,2024-04-17T14:22:44.173493Z,82,179,0.005,25,1826,0
MCH-029,2024-04-17T17:22:44.173493Z,93,187,0.01,24,1830,0
MCH-029,2024-04-17T20:22:44.173493Z,81,184,0.002,22,1835,1
MCH-029,2024-04-17T21:22:44.173493Z,89,184,0.005,24,1836,0
MCH-029,2024-04-17T23:22:44.173493Z,87,175,0.003,23,1846,1
MCH-029,2024-04-18T01:22:44.173493Z,93,174,0.004,18,1852,1
MCH-030,2024-04-17T07:22:44.173813Z,83,185,0.011,23,1009,0
MCH-030,2024-04-17T10:22:44.173813Z,87,177,0.008,23,1018,0
MCH-030,2024-04-17T12:22:44.173813Z,82,180,0.005,18,1024,0
MCH-030,2024-04-17T14:22:44.173813Z,88,184,0.01,22,1030,1
MCH-030,2024-04-17T16:22:44.173813Z,94,168,0.008,27,1031,1
MCH-030,2024-04-17T17:22:44.173813Z,90,177,0.01,25,1034,1
MCH-030,2024-04-17T20:22:44.173813Z,85,173,0.009,24,1041,0
MCH-030,2024-04-17T23:22:44.173813Z,93,176,0.006,25,1043,0
MCH-030,2024-04-18T02:22:44.173813Z,89,186,0.005,18,1045,0
MCH-030,2024-04-18T04:22:44.173813Z,89,183,0.01,20,1048,1
MCH-031,2024-04-17T06:22:44.174005Z,82,187,0.003,24,2004,1
MCH-031,2024-04-17T08:22:44.174005Z,92,187,0.007,20,2013,1
MCH-031,2024-04-17T09:22:44.174005Z,85,188,0.006,19,2020,0
MCH-031,2024-04-17T11:22:44.174005Z,84,172,0.01,27,2023,1
MCH-031,2024-04-17T12:22:44.174005Z,81,174,0.01,18,2026,0
MCH-031,2024-04-17T13:22:44.174005Z,83,170,0.01,26,2036,0
MCH-031,2024-04-17T15:22:44.174005Z,91,172,0.002,22,2043,0
MCH-031,2024-04-17T18:22:44.174005Z,94,183,0.006,21,2046,0
MCH-031,2024-04-17T19:22:44.174005Z,86,184,0.005,27,2049,0
MCH-031,2024-04-17T20:22:44.174005Z,91,188,0.004,25,2059,0
MCH-032,2024-04-17T06:22:44.174192Z,90,189,0.009,19,1141,0
MCH-032,2024-04-17T07:22:44.174192Z,82,173,0.002,18,1142,0
MCH-032,2024-04-17T08:22:44.174192Z,86,172,0.003,27,1147,1
MCH-032,2024-04-17T09:22:44.174192Z,91,188,0.002,22,1156,1
MCH-032,2024-04-17T10:22:44.174192Z,81,187,0.008,22,1161,0
MCH-032,2024-04-17T12:22:44.174192Z,83,169,0.007,25,1162,1
MCH-032,2024-04-17T14:22:44.174192Z,86,169,0.011,18,1169,0
MCH-032,2024-04-17T16:22:44.174192Z,89,175,0.012,20,1179,0
MCH-032,2024-04-17T18:22:44.174192Z,91,176,0.003,27,1180,0
MCH-032,2024-04-17T20:22:44.174192Z,92,183,0.006,25,1183,0
MCH-033,2024-04-17T06:22:44.174385Z,85,175,0.007,20,1574,1
MCH-033,2024-04-17T09:22:44.174385Z,92,180,0.004,26,1576,0
MCH-033,2024-04-17T11:22:44.174385Z,88,174,0.012,21,1582,1
MCH-033,2024-04-17T14:22:44.174385Z,93,171,0.008,27,1591,1
MCH-033,2024-04-17T17:22:44.174385Z,83,181,0.006,25,1597,1
MCH-033,2024-04-17T20:22:44.174385Z,87,169,0.009,18,1601,0
MCH-033,2024-04-17T21:22:44.174385Z,89,174,0.007,21,1607,0
MCH-033,2024-04-17T22:22:44.174385Z,87,168,0.005,21,1617,0
MCH-033,2024-04-18T01:22:44.174385Z,91,169,0.002,21,1624,0
MCH-033,2024-04-18T02:22:44.174385Z,94,174,0.01,25,1628,0
MCH-034,2024-04-17T07:22:44.174603Z,94,175,0.008,20,1719,1
MCH-034,2024-04-17T09:22:44.174603Z,81,170,0.01,23,1728,1
MCH-034,2024-04-17T12:22:44.174603Z,88,170,0.012,22,1733,1
MCH-034,2024-04-17T13:22:44.174603Z,89,185,0.004,18,1740,0
MCH-034,2024-04-17T15:22:44.174603Z,82,190,0.011,24,1743,0
MCH-034,2024-04-17T18:22:44.174603Z,90,169,0.004,23,1753,1
MCH-034,2024-04-17T21:22:44.174603Z,81,184,0.003,20,1762,0
MCH-034,2024-04-17T23:22:44.174603Z,81,172,0.004,27,1764,0
MCH-034,2024-04-18T02:22:44.174603Z,93,168,0.008,20,1774,0
MCH-034,2024-04-18T04:22:44.174603Z,84,169,0.007,20,1779,0
MCH-035,2024-04-17T06:22:44.174799Z,88,172,0.009,25,1616,1
MCH-035,2024-04-17T08:22:44.174799Z,92,181,0.008,23,1617,0
MCH-035,2024-04-17T09:22:44.174799Z,85,179,0.002,23,1626,0
MCH-035,2024-04-17T10:22:44.174799Z,86,168,0.004,22,1628,0
MCH-035,2024-04-17T12:22:44.174799Z,83,184,0.006,22,1633,1
MCH-035,2024-04-17T15:22:44.174799Z,89,181,0.004,27,1643,1
MCH-035,2024-04-17T18:22:44.174799Z,90,182,0.004,22,1648,0
MCH-035,2024-04-17T19:22:44.174799Z,89,180,0.012,22,1650,0
MCH-035,2024-04-17T22:22:44.174799Z,93,175,0.004,19,1658,0
MCH-035,2024-04-17T23:22:44.174799Z,82,172,0.005,23,1662,1
MCH-036,2024-04-17T06:22:44.174987Z,86,172,0.011,18,1620,1
MCH-036,2024-04-17T08:22:44.174987Z,84,190,0.01,27,1628,1
MCH-036,2024-04-17T11:22:44.174987Z,84,176,0.011,18,1635,1
MCH-036,2024-04-17T14:22:44.174987Z,87,177,0.009,21,1644,0
MCH-036,2024-04-17T15:22:44.174987Z,92,169,0.007,18,1646,1
MCH-036,2024-04-17T16:22:44.174987Z,92,171,0.008,19,1647,0
MCH-036,2024-04-17T18:22:44.174987Z,82,188,0.002,27,1656,1
MCH-036,2024-04-17T21:22:44.174987Z,90,188,0.012,27,1658,0
MCH-036,2024-04-18T00:22:44.174987Z,87,181,0.005,21,1662,0
MCH-036,2024-04-18T03:22:44.174987Z,94,175,0.004,26,1664,1
MCH-037,2024-04-17T07:22:44.175193Z,93,172,0.01,25,1424,0
MCH-037,2024-04-17T09:22:44.175193Z,91,169,0.005,22,1434,0
MCH-037,2024-04-17T11:22:44.175193Z,84,182,0.006,26,1438,0
MCH-037,2024-04-17T13:22:44.175193Z,94,173,0.005,22,1442,1
MCH-037,2024-04-17T15:22:44.175193Z,87,175,0.008,21,1446,1
MCH-037,2024-04-17T17:22:44.175193Z,87,185,0.007,26,1447,1
MCH-037,2024-04-17T20:22:44.175193Z,86,172,0.01,23,1454,1
MCH-037,2024-04-17T23:22:44.175193Z,87,179,0.003,18,1455,0
MCH-037,2024-04-18T00:22:44.175193Z,88,168,0.004,22,1457,0
MCH-037,2024-04-18T02:22:44.175193Z,84,169,0.012,24,1465,1
MCH-038,2024-04-17T08:22:44.175397Z,82,190,0.009,21,1906,1
MCH-038,2024-04-17T10:22:44.175397Z,88,184,0.003,25,1913,0
MCH-038,2024-04-17T12:22:44.175397Z,85,182,0.011,25,1919,0
MCH-038,2024-04-17T15:22:44.175397Z,86,178,0.006,27,1925,0
MCH-038,2024-04-17T16:22:44.175397Z,93,185,0.002,26,1934,1
MCH-038,2024-04-17T17:22:44.175397Z,81,180,0.004,18,1941,0
MCH-038,2024-04-17T18:22:44.175397Z,89,190,0.004,20,1946,0
MCH-038,2024-04-17T21:22:44.175397Z,87,177,0.011,18,1954,0
MCH-038,2024-04-17T23:22:44.175397Z,84,186,0.005,24,1956,0
MCH-038,2024-04-18T00:22:44.175397Z,92,187,0.007,24,1960,1
MCH-039,2024-04-17T07:22:44.175766Z,85,178,0.005,22,1984,1
MCH-039,2024-04-17T09:22:44.175766Z,92,173,0.011,23,1988,0
MCH-039,2024-04-17T11:22:44.175766Z,83,189,0.009,24,1996,0
MCH-039,2024-04-17T13:22:44.175766Z,81,169,0.007,23,1998,0
MCH-039,2024-04-17T14:22:44.175766Z,83,180,0.004,23,2002,0
MCH-039,2024-04-17T17:22:44.175766Z,85,170,0.008,25,2010,0
MCH-039,2024-04-17T18:22:44.175766Z,87,170,0.008,24,2017,0
MCH-039,2024-04-17T20:22:44.175766Z,83,171,0.006,18,2027,0
MCH-039,2024-04-17T23:22:44.175766Z,91,178,0.01,23,2033,0
MCH-039,2024-04-18T02:22:44.175766Z,88,181,0.006,19,2035,0
MCH-040,2024-04-17T06:22:44.175973Z,91,170,0.011,22,1832,0
MCH-040,2024-04-17T09:22:44.175973Z,82,174,0.005,19,1838,1
MCH-040,2024-04-17T10:22:44.175973Z,90,174,0.006,20,1848,0
MCH-040,2024-04-17T11:22:44.175973Z,90,188,0.011,25,1849,0
MCH-040,2024-04-17T14:22:44.175973Z,90,183,0.006,20,1854,0
MCH-040,2024-04-17T15:22:44.175973Z,86,190,0.005,19,1861,0
MCH-040,2024-04-17T16:22:44.175973Z,93,174,0.005,18,1862,1
MCH-040,2024-04-17T17:22:44.175973Z,85,186,0.009,26,1863,0
MCH-040,2024-04-17T18:22:44.175973Z,88,177,0.004,24,1866,1
MCH-040,2024-04-17T21:22:44.175973Z,86,188,0.006,27,1871,1
MCH-041,2024-04-17T07:22:44.176157Z,86,184,0.012,19,1608,1
MCH-041,2024-04-17T08:22:44.176157Z,87,169,0.006,22,1618,0
MCH-041,2024-04-17T11:22:44.176157Z,84,172,0.004,25,1624,0
MCH-041,2024-04-17T14:22:44.176157Z,84,171,0.009,26,1626,0
MCH-041,2024-04-17T15:22:44.176157Z,85,180,0.007,19,1635,0
MCH-041,2024-04-17T16:22:44.176157Z,88,170,0.006,27,1642,1
MCH-041,2024-04-17T18:22:44.176157Z,93,169,0.003,23,1652,1
MCH-041,2024-04-17T21:22:44.176157Z,82,170,0.011,22,1653,1
MCH-041,2024-04-17T23:22:44.176157Z,90,170,0.01,26,1661,0
MCH-041,2024-04-18T02:22:44.176157Z,91,180,0.003,21,1662,1
MCH-042,2024-04-17T06:22:44.176419Z,86,188,0.009,25,1028,0
MCH-042,2024-04-17T08:22:44.176419Z,82,177,0.012,18,1038,1
MCH-042,2024-04-17T11:22:44.176419Z,90,184,0.004,26,1048,0
MCH-042,2024-04-17T12:22:44.176419Z,83,176,0.003,25,1055,0
MCH-042,2024-04-17T13:22:44.176419Z,83,169,0.002,22,1063,0
MCH-042,2024-04-17T16:22:44.176419Z,93,178,0.012,23,1065,0
MCH-042,2024-04-17T18:22:44.176419Z,85,184,0.007,20,1074,0
MCH-042,2024-04-17T19:22:44.176419Z,84,175,0.007,23,1083,1
MCH-042,2024-04-17T22:22:44.176419Z,86,184,0.003,24,1085,1
MCH-042,2024-04-17T23:22:44.176419Z,86,189,0.01,23,1090,0
MCH-043,2024-04-17T06:22:44.176753Z,84,190,0.008,26,1096,1
MCH-043,2024-04-17T08:22:44.176753Z,86,187,0.006,18,1100,1
MCH-043,2024-04-17T11:22:44.176753Z,82,169,0.002,20,1106,1
MCH-043,2024-04-17T14:22:44.176753Z,89,173,0.005,18,1115,1
MCH-043,2024-04-17T15:22:44.176753Z,87,169,0.004,23,1122,1
MCH-043,2024-04-17T17:22:44.176753Z,84,174,0.011,23,1126,1
MCH-043,2024-04-17T20:22:44.176753Z,83,171,0.008,23,1128,1
MCH-043,2024-04-17T23:22:44.176753Z,84,181,0.01,20,1133,1
MCH-043,2024-04-18T02:22:44.176753Z,92,172,0.011,18,1136,1
MCH-043,2024-04-18T04:22:44.176753Z,82,174,0.008,18,1143,0
MCH-044,2024-04-17T06:22:44.177058Z,82,188,0.003,22,1765,0
MCH-044,2024-04-17T08:22:44.177058Z,91,169,0.01,23,1768,1
MCH-044,2024-04-17T11:22:44.177058Z,82,171,0.009,23,1770,0
MCH-044,2024-04-17T13:22:44.177058Z,85,171,0.003,19,1772,1
MCH-044,2024-04-17T15:22:44.177058Z,90,178,0.009,19,1779,0
MCH-044,2024-04-17T17:22:44.177058Z,91,179,0.006,25,1782,1
MCH-044,2024-04-17T18:22:44.177058Z,82,171,0.004,26,1792,1
MCH-044,2024-04-17T19:22:44.177058Z,84,176,0.003,21,1795,1
MCH-044,2024-04-17T21:22:44.177058Z,90,181,0.009,23,1803,1
MCH-044,2024-04-17T22:22:44.177058Z,84,186,0.009,27,1810,1
MCH-045,2024-04-17T07:22:44.177233Z,84,173,0.004,26,1865,1
MCH-045,2024-04-17T10:22:44.177233Z,86,176,0.003,27,1868,0
MCH-045,2024-04-17T13:22:44.177233Z,87,184,0.006,19,1877,1
MCH-045,2024-04-17T15:22:44.177233Z,87,180,0.006,27,1878,0
MCH-045,2024-04-17T17:22:44.177233Z,81,178,0.008,22,1882,1
MCH-045,2024-04-17T19:22:44.177233Z,86,180,0.007,18,1884,0
MCH-045,2024-04-17T20:22:44.177233Z,91,184,0.005,22,1888,0
MCH-045,2024-04-17T21:22:44.177233Z,83,187,0.007,19,1895,0
MCH-045,2024-04-17T23:22:44.177233Z,85,185,0.004,18,1896,0
MCH-045,2024-04-18T00:22:44.177233Z,85,183,0.005,22,1897,1
MCH-046,2024-04-17T08:22:44.177408Z,86,179,0.006,23,1795,1
MCH-046,2024-04-17T09:22:44.177408Z,94,170,0.009,24,1799,0
MCH-046,2024-04-17T10:22:44.177408Z,92,188,0.006,26,1806,1
MCH-046,2024-04-17T12:22:44.177408Z,90,184,0.008,18,1813,0
MCH-046,2024-04-17T15:22:44.177408Z,86,187,0.005,25,1819,1
MCH-046,2024-04-17T18:22:44.177408Z,92,175,0.008,27,1826,1
MCH-046,2024-04-17T20:22:44.177408Z,86,179,0.01,22,1834,0
MCH-046,2024-04-17T23:22:44.177408Z,92,188,0.011,24,1838,0
MCH-046,2024-04-18T01:22:44.177408Z,90,179,0.012,22,1844,0
MCH-046,2024-04-18T04:22:44.177408Z,91,171,0.005,27,1848,1
MCH-047,2024-04-17T07:22:44.177635Z,92,168,0.003,19,1750,0
MCH-047,2024-04-17T09:22:44.177635Z,85,178,0.009,26,1757,0
MCH-047,2024-04-17T10:22:44.177635Z,89,189,0.003,23,1759,1
MCH-047,2024-04-17T13:22:44.177635Z,81,179,0.008,19,1764,1
MCH-047,2024-04-17T15:22:44.177635Z,84,176,0.002,21,1773,0
MCH-047,2024-04-17T18:22:44.177635Z,94,171,0.004,18,1782,0
MCH-047,2024-04-17T19:22:44.177635Z,84,181,0.01,19,1784,1
MCH-047,2024-04-17T22:22:44.177635Z,83,180,0.003,23,1788,0
MCH-047,2024-04-18T01:22:44.177635Z,85,188,0.002,21,1792,0
MCH-047,2024-04-18T04:22:44.177635Z,89,188,0.008,27,1793,1
MCH-048,2024-04-17T06:22:44.177815Z,81,186,0.005,18,1052,1
MCH-048,2024-04-17T07:22:44.177815Z,84,179,0.011,20,1054,1
MCH-048,2024-04-17T09:22:44.177815Z,82,168,0.005,27,1057,1
MCH-048,2024-04-17T11:22:44.177815Z,89,189,0.004,24,1065,1
MCH-048,2024-04-17T13:22:44.177815Z,85,185,0.008,21,1066,0
MCH-048,2024-04-17T14:22:44.177815Z,81,172,0.007,26,1076,0
MCH-048,2024-04-17T17:22:44.177815Z,88,171,0.01,25,1078,1
MCH-048,2024-04-17T20:22:44.177815Z,87,187,0.006,27,1080,1
MCH-048,2024-04-17T23:22:44.177815Z,82,186,0.006,27,1083,0
MCH-048,2024-04-18T00:22:44.177815Z,91,181,0.004,24,1085,1
MCH-049,2024-04-17T07:22:44.177988Z,90,168,0.009,26,1226,1
MCH-049,2024-04-17T10:22:44.177988Z,89,188,0.008,27,1233,1
MCH-049,2024-04-17T12:22:44.177988Z,88,187,0.008,19,1236,0
MCH-049,2024-04-17T14:22:44.177988Z,91,190,0.002,18,1246,1
MCH-049,2024-04-17T17:22:44.177988Z,85,190,0.004,20,1253,0
MCH-049,2024-04-17T20:22:44.177988Z,90,183,0.006,24,1262,0
MCH-049,2024-04-17T21:22:44.177988Z,88,187,0.004,22,1265,0
MCH-049,2024-04-17T22:22:44.177988Z,82,183,0.008,23,1275,0
MCH-049,2024-04-17T23:22:44.177988Z,81,184,0.009,19,1284,1
MCH-049,2024-04-18T00:22:44.177988Z,94,182,0.011,19,1286,0
MCH-050,2024-04-17T08:22:44.178151Z,85,185,0.011,19,1792,0
MCH-050,2024-04-17T09:22:44.178151Z,89,184,0.008,23,1799,0
MCH-050,2024-04-17T12:22:44.178151Z,91,187,0.003,21,1804,1
MCH-050,2024-04-17T14:22:44.178151Z,81,168,0.01,20,1809,0
MCH-050,2024-04-17T17:22:44.178151Z,83,184,0.006,22,1810,0
MCH-050,2024-04-17T20:22:44.178151Z,83,177,0.007,23,1812,1
MCH-050,2024-04-17T21:22:44.178151Z,84,187,0.005,26,1818,0
MCH-050,2024-04-18T00:22:44.178151Z,89,177,0.004,26,1828,0
MCH-050,2024-04-18T01:22:44.178151Z,91,170,0.007,26,1834,0
MCH-050,2024-04-18T02:22:44.178151Z,94,172,0.005,19,1838,0
MCH-051,2024-04-17T08:22:44.178318Z,92,182,0.008,24,1793,1
MCH-051,2024-04-17T11:22:44.178318Z,88,185,0.007,26,1801,1
MCH-051,2024-04-17T12:22:44.178318Z,90,185,0.011,24,1808,0
MCH-051,2024-04-17T14:22:44.178318Z,94,189,0.009,22,1818,0
MCH-051,2024-04-17T17:22:44.178318Z,81,178,0.003,22,1819,1
MCH-051,2024-04-17T19:22:44.178318Z,93,189,0.002,18,1826,1
MCH-051,2024-04-17T20:22:44.178318Z,85,172,0.01,18,1831,0
MCH-051,2024-04-17T23:22:44.178318Z,94,174,0.009,18,1835,0
MCH-051,2024-04-18T00:22:44.178318Z,86,174,0.009,22,1837,0
MCH-051,2024-04-18T03:22:44.178318Z,84,186,0.003,21,1846,0
MCH-052,2024-04-17T06:22:44.178489Z,92,185,0.005,27,1044,1
MCH-052,2024-04-17T09:22:44.178489Z,93,175,0.008,20,1052,1
MCH-052,2024-04-17T12:22:44.178489Z,91,170,0.003,24,1061,0
MCH-052,2024-04-17T15:22:44.178489Z,82,179,0.01,27,1069,1
MCH-052,2024-04-17T16:22:44.178489Z,89,168,0.009,18,1072,0
MCH-052,2024-04-17T18:22:44.178489Z,89,171,0.004,24,1082,1
MCH-052,2024-04-17T19:22:44.178489Z,94,183,0.009,26,1092,1
MCH-052,2024-04-17T20:22:44.178489Z,94,180,0.009,23,1094,0
MCH-052,2024-04-17T21:22:44.178489Z,84,175,0.004,21,1097,1
MCH-052,2024-04-17T22:22:44.178489Z,87,186,0.007,22,1107,1
MCH-053,2024-04-17T07:22:44.178653Z,92,187,0.003,21,1225,0
MCH-053,2024-04-17T08:22:44.178653Z,93,176,0.003,27,1229,0
MCH-053,2024-04-17T10:22:44.178653Z,90,174,0.009,26,1233,1
MCH-053,2024-04-17T13:22:44.178653Z,93,187,0.006,18,1234,1
MCH-053,2024-04-17T16:22:44.178653Z,92,182,0.01,23,1240,0
MCH-053,2024-04-17T19:22:44.178653Z,86,179,0.009,20,1249,0
MCH-053,2024-04-17T22:22:44.178653Z,84,179,0.002,21,1254,1
MCH-053,2024-04-18T01:22:44.178653Z,94,173,0.01,25,1259,0
MCH-053,2024-04-18T02:22:44.178653Z,93,168,0.003,20,1260,1
MCH-053,2024-04-18T03:22:44.178653Z,91,172,0.002,26,1268,1
MCH-054,2024-04-17T06:22:44.178763Z,90,179,0.005,21,1808,1
MCH-054,2024-04-17T09:22:44.178763Z,94,168,0.004,26,1815,0
MCH-054,2024-04-17T12:22:44.178763Z,94,175,0.007,20,1821,1
MCH-054,2024-04-17T14:22:44.178763Z,83,187,0.005,21,1828,1
MCH-054,2024-04-17T17:22:44.178763Z,93,184,0.005,22,1829,1
MCH-054,2024-04-17T19:22:44.178763Z,83,187,0.01,26,1835,1
MCH-054,2024-04-17T21:22:44.178763Z,93,188,0.004,19,1838,1
MCH-054,2024-04-17T23:22:44.178763Z,88,182,0.01,22,1842,1
MCH-054,2024-04-18T02:22:44.178763Z,91,179,0.003,27,1843,1
MCH-054,2024-04-18T05:22:44.178763Z,93,186,0.011,18,1847,0
MCH-055,2024-04-17T06:22:44.178871Z,89,169,0.011,18,1293,1
MCH-055,2024-04-17T09:22:44.178871Z,93,190,0.009,22,1303,1
MCH-055,2024-04-17T11:22:44.178871Z,90,189,0.007,22,1307,0
MCH-055,2024-04-17T14:22:44.178871Z,87,174,0.006,21,1312,0
MCH-055,2024-04-17T17:22:44.178871Z,93,187,0.008,24,1322,1
MCH-055,2024-04-17T18:22:44.178871Z,87,168,0.011,23,1327,0
MCH-055,2024-04-17T19:22:44.178871Z,92,173,0.003,26,1329,0
MCH-055,2024-04-17T22:22:44.178871Z,87,173,0.007,18,1332,1
MCH-055,2024-04-18T00:22:44.178871Z,82,183,0.01,22,1338,0
MCH-055,2024-04-18T01:22:44.178871Z,93,186,0.008,24,1346,0
MCH-056,2024-04-17T06:22:44.178987Z,92,175,0.003,25,1600,1
MCH-056,2024-04-17T09:22:44.178987Z,93,182,0.006,21,1603,0
MCH-056,2024-04-17T11:22:44.178987Z,84,174,0.009,18,1606,1
MCH-056,2024-04-17T12:22:44.178987Z,89,178,0.007,26,1609,0
MCH-056,2024-04-17T13:22:44.178987Z,81,174,0.011,26,1612,0
MCH-056,2024-04-17T15:22:44.178987Z,91,177,0.007,27,1617,0
MCH-056,2024-04-17T16:22:44.178987Z,90,188,0.002,21,1627,1
MCH-056,2024-04-17T19:22:44.178987Z,87,182,0.003,18,1628,0
MCH-056,2024-04-17T20:22:44.178987Z,93,190,0.006,21,1635,1
MCH-056,2024-04-17T23:22:44.178987Z,90,185,0.01,24,1640,0
MCH-057,2024-04-17T07:22:44.179093Z,84,171,0.002,21,1198,0
MCH-057,2024-04-17T10:22:44.179093Z,86,181,0.004,27,1208,0
MCH-057,2024-04-17T11:22:44.179093Z,81,177,0.007,25,1209,1
MCH-057,2024-04-17T13:22:44.179093Z,94,180,0.003,22,1213,0
MCH-057,2024-04-17T15:22:44.179093Z,84,170,0.006,18,1222,1
MCH-057,2024-04-17T16:22:44.179093Z,85,177,0.004,25,1228,1
MCH-057,2024-04-17T19:22:44.179093Z,87,175,0.004,21,1237,1
MCH-057,2024-04-17T20:22:44.179093Z,88,190,0.004,27,1239,1
MCH-057,2024-04-17T23:22:44.179093Z,87,188,0.011,19,1243,0
MCH-057,2024-04-18T00:22:44.179093Z,81,169,0.012,20,1253,0
MCH-058,2024-04-17T07:22:44.179202Z,92,182,0.002,25,1837,0
MCH-058,2024-04-17T08:22:44.179202Z,86,190,0.008,26,1838,1
MCH-058,2024-04-17T10:22:44.179202Z,83,172,0.009,23,1840,1
MCH-058,2024-04-17T13:22:44.179202Z,91,168,0.011,26,1843,0
MCH-058,2024-04-17T14:22:44.179202Z,86,188,0.01,26,1848,0
MCH-058,2024-04-17T17:22:44.179202Z,94,186,0.004,27,1858,1
MCH-058,2024-04-17T18:22:44.179202Z,94,183,0.009,27,1860,0
MCH-058,2024-04-17T20:22:44.179202Z,93,178,0.009,24,1867,0
MCH-058,2024-04-17T22:22:44.179202Z,84,178,0.009,23,1873,1
MCH-058,2024-04-18T01:22:44.179202Z,86,176,0.003,20,1875,0
MCH-059,2024-04-17T06:22:44.179313Z,81,174,0.006,25,1658,1
MCH-059,2024-04-17T08:22:44.179313Z,86,174,0.006,26,1659,1
MCH-059,2024-04-17T09:22:44.179313Z,93,188,0.006,25,1668,1
MCH-059,2024-04-17T12:22:44.179313Z,83,175,0.011,21,1678,1
MCH-059,2024-04-17T15:22:44.179313Z,89,174,0.011,18,1686,1
MCH-059,2024-04-17T16:22:44.179313Z,82,183,0.007,26,1696,0
MCH-059,2024-04-17T18:22:44.179313Z,86,176,0.008,27,1702,0
MCH-059,2024-04-17T20:22:44.179313Z,88,175,0.006,23,1706,1
MCH-059,2024-04-17T21:22:44.179313Z,87,185,0.01,22,1709,0
MCH-059,2024-04-17T23:22:44.179313Z,92,181,0.002,24,1712,1
MCH-060,2024-04-17T08:22:44.179421Z,88,175,0.008,20,1644,1
MCH-060,2024-04-17T10:22:44.179421Z,94,184,0.008,20,1645,0
MCH-060,2024-04-17T13:22:44.179421Z,93,186,0.003,26,1649,1
MCH-060,2024-04-17T16:22:44.179421Z,94,183,0.004,21,1657,0
MCH-060,2024-04-17T17:22:44.179421Z,87,168,0.003,20,1661,1
MCH-060,2024-04-17T18:22:44.179421Z,91,179,0.005,26,1665,1
MCH-060,2024-04-17T21:22:44.179421Z,94,169,0.005,23,1675,0
MCH-060,2024-04-18T00:22:44.179421Z,85,189,0.004,22,1676,0
MCH-060,2024-04-18T01:22:44.179421Z,87,178,0.01,22,1678,0
MCH-060,2024-04-18T04:22:44.179421Z,83,189,0.011,24,1688,0
MCH-061,2024-04-17T06:22:44.179528Z,91,182,0.01,22,1650,1
MCH-061,2024-04-17T07:22:44.179528Z,89,183,0.003,23,1652,1
MCH-061,2024-04-17T09:22:44.179528Z,85,180,0.007,23,1656,0
MCH-061,2024-04-17T12:22:44.179528Z,85,178,0.006,23,1658,0
MCH-061,2024-04-17T14:22:44.179528Z,92,173,0.01,25,1660,0
MCH-061,2024-04-17T17:22:44.179528Z,90,188,0.004,21,1669,1
MCH-061,2024-04-17T18:22:44.179528Z,85,184,0.009,19,1677,0
MCH-061,2024-04-17T21:22:44.179528Z,93,188,0.011,25,1683,1
MCH-061,2024-04-18T00:22:44.179528Z,82,181,0.01,24,1686,1
MCH-061,2024-04-18T01:22:44.179528Z,86,188,0.01,25,1695,0
MCH-062,2024-04-17T06:22:44.179656Z,91,177,0.002,22,1979,0
MCH-062,2024-04-17T07:22:44.179656Z,84,177,0.005,25,1982,0
MCH-062,2024-04-17T10:22:44.179656Z,86,178,0.005,22,1989,1
MCH-062,2024-04-17T11:22:44.179656Z,81,171,0.011,19,1995,0
MCH-062,2024-04-17T12:22:44.179656Z,93,188,0.004,25,2005,0
MCH-062,2024-04-17T13:22:44.179656Z,87,170,0.011,27,2015,1
MCH-062,2024-04-17T16:22:44.179656Z,92,168,0.008,27,2016,1
MCH-062,2024-04-17T19:22:44.179656Z,91,178,0.005,22,2025,1
MCH-062,2024-04-17T22:22:44.179656Z,94,189,0.003,20,2028,1
MCH-062,2024-04-18T00:22:44.179656Z,90,188,0.006,19,2038,1
MCH-063,2024-04-17T08:22:44.179761Z,87,168,0.012,26,1411,0
MCH-063,2024-04-17T11:22:44.179761Z,82,188,0.002,18,1421,1
MCH-063,2024-04-17T12:22:44.179761Z,86,176,0.005,18,1428,0
MCH-063,2024-04-17T13:22:44.179761Z,84,187,0.002,22,1430,1
MCH-063,2024-04-17T14:22:44.179761Z,86,177,0.011,25,1437,1
MCH-063,2024-04-17T17:22:44.179761Z,82,173,0.01,23,1438,0
MCH-063,2024-04-17T20:22:44.179761Z,82,188,0.002,26,1446,1
MCH-063,2024-04-17T21:22:44.179761Z,94,177,0.007,22,1448,0
MCH-063,2024-04-17T23:22:44.179761Z,84,177,0.01,20,1455,1
MCH-063,2024-04-18T00:22:44.179761Z,89,189,0.01,26,1456,0
MCH-064,2024-04-17T06:22:44.179868Z,85,168,0.003,19,1136,1
MCH-064,2024-04-17T09:22:44.179868Z,94,179,0.008,24,1145,1
MCH-064,2024-04-17T11:22:44.179868Z,88,186,0.01,18,1155,1
MCH-064,2024-04-17T13:22:44.179868Z,89,176,0.012,23,1157,0
MCH-064,2024-04-17T15:22:44.179868Z,91,182,0.005,23,1166,1
MCH-064,2024-04-17T18:22:44.179868Z,94,170,0.012,21,1175,1
MCH-064,2024-04-17T20:22:44.179868Z,83,181,0.011,21,1183,1
MCH-064,2024-04-17T22:22:44.179868Z,87,172,0.003,22,1184,1
MCH-064,2024-04-18T00:22:44.179868Z,94,190,0.012,25,1188,0
MCH-064,2024-04-18T02:22:44.179868Z,94,178,0.012,25,1190,1
MCH-065,2024-04-17T07:22:44.179979Z,85,172,0.008,19,1234,0
MCH-065,2024-04-17T08:22:44.179979Z,93,171,0.007,18,1236,1
MCH-065,2024-04-17T10:22:44.179979Z,93,176,0.002,23,1241,0
MCH-065,2024-04-17T12:22:44.179979Z,93,168,0.005,23,1242,1
MCH-065,2024-04-17T13:22:44.179979Z,82,185,0.005,24,1251,1
MCH-065,2024-04-17T14:22:44.179979Z,90,187,0.003,20,1257,0
MCH-065,2024-04-17T17:22:44.179979Z,93,179,0.012,22,1262,0
MCH-065,2024-04-17T20:22:44.179979Z,84,186,0.004,23,1267,1
MCH-065,2024-04-17T21:22:44.179979Z,90,189,0.003,21,1271,0
MCH-065,2024-04-17T22:22:44.179979Z,91,175,0.009,25,1274,0
MCH-066,2024-04-17T06:22:44.180085Z,90,187,0.007,18,1219,0
MCH-066,2024-04-17T08:22:44.180085Z,85,171,0.004,19,1223,0
MCH-066,2024-04-17T10:22:44.180085Z,85,182,0.005,20,1231,0
MCH-066,2024-04-17T13:22:44.180085Z,82,176,0.008,22,1236,0
MCH-066,2024-04-17T16:22:44.180085Z,86,186,0.008,26,1245,0
MCH-066,2024-04-17T18:22:44.180085Z,92,187,0.005,19,1255,1
MCH-066,2024-04-17T19:22:44.180085Z,90,186,0.002,19,1258,0
MCH-066,2024-04-17T22:22:44.180085Z,86,176,0.005,25,1263,1
MCH-066,2024-04-18T01:22:44.180085Z,86,172,0.002,24,1270,1
MCH-066,2024-04-18T02:22:44.180085Z,92,171,0.012,21,1277,0
MCH-067,2024-04-17T07:22:44.180189Z,83,187,0.005,27,1103,1
MCH-067,2024-04-17T08:22:44.180189Z,91,172,0.005,25,1109,1
MCH-067,2024-04-17T09:22:44.180189Z,82,188,0.003,21,1114,0
MCH-067,2024-04-17T12:22:44.180189Z,85,168,0.003,21,1118,0
MCH-067,2024-04-17T15:22:44.180189Z,94,180,0.003,24,1121,0
MCH-067,2024-04-17T16:22:44.180189Z,86,181,0.007,23,1129,1
MCH-067,2024-04-17T18:22:44.180189Z,87,177,0.008,18,1137,1
MCH-067,2024-04-17T19:22:44.180189Z,94,175,0.008,19,1142,0
MCH-067,2024-04-17T21:22:44.180189Z,94,181,0.011,27,1146,0
MCH-067,2024-04-17T23:22:44.180189Z,84,179,0.01,24,1150,1
MCH-068,2024-04-17T08:22:44.180295Z,84,185,0.006,26,1840,0
MCH-068,2024-04-17T11:22:44.180295Z,82,190,0.007,19,1844,0
MCH-068,2024-04-17T14:22:44.180295Z,81,173,0.006,18,1847,1
MCH-068,2024-04-17T15:22:44.180295Z,93,186,0.005,21,1853,0
MCH-068,2024-04-17T18:22:44.180295Z,90,187,0.004,25,1858,1
MCH-068,2024-04-17T19:22:44.180295Z,84,184,0.01,23,1859,0
MCH-068,2024-04-17T22:22:44.180295Z,91,184,0.012,19,1862,0
MCH-068,2024-04-18T01:22:44.180295Z,87,177,0.004,22,1871,0
MCH-068,2024-04-18T02:22:44.180295Z,91,183,0.011,22,1879,1
MCH-068,2024-04-18T05:22:44.180295Z,85,183,0.01,27,1882,0
MCH-069,2024-04-17T07:22:44.180412Z,87,170,0.009,18,1194,1
MCH-069,2024-04-17T10:22:44.180412Z,82,187,0.009,22,1200,0
MCH-069,2024-04-17T13:22:44.180412Z,89,190,0.005,26,1204,1
MCH-069,2024-04-17T15:22:44.180412Z,93,173,0.008,25,1211,1
MCH-069,2024-04-17T18:22:44.180412Z,86,171,0.003,18,1216,0
MCH-069,2024-04-17T20:22:44.180412Z,89,169,0.006,23,1219,1
MCH-069,2024-04-17T22:22:44.180412Z,87,178,0.009,24,1224,0
MCH-069,2024-04-17T23:22:44.180412Z,90,175,0.009,24,1234,1
MCH-069,2024-04-18T02:22:44.180412Z,86,173,0.008,18,1244,0
MCH-069,2024-04-18T03:22:44.180412Z,86,189,0.009,18,1249,0
MCH-070,2024-04-17T08:22:44.180517Z,81,187,0.003,18,1638,1
MCH-070,2024-04-17T10:22:44.180517Z,92,177,0.005,27,1645,1
MCH-070,2024-04-17T13:22:44.180517Z,83,175,0.007,19,1651,1
MCH-070,2024-04-17T14:22:44.180517Z,86,170,0.011,27,1661,1
MCH-070,2024-04-17T16:22:44.180517Z,86,172,0.009,25,1664,0
MCH-070,2024-04-17T17:22:44.180517Z,93,190,0.003,18,1671,0
MCH-070,2024-04-17T18:22:44.180517Z,83,188,0.003,26,1677,1
MCH-070,2024-04-17T21:22:44.180517Z,82,174,0.005,24,1686,1
MCH-070,2024-04-17T22:22:44.180517Z,83,184,0.011,20,1692,0
MCH-070,2024-04-18T00:22:44.180517Z,88,190,0.002,20,1700,1
MCH-071,2024-04-17T06:22:44.180645Z,83,188,0.012,21,1417,0
MCH-071,2024-04-17T08:22:44.180645Z,81,176,0.007,27,1422,0
MCH-071,2024-04-17T10:22:44.180645Z,83,172,0.009,23,1428,0
MCH-071,2024-04-17T13:22:44.180645Z,86,175,0.005,20,1437,1
MCH-071,2024-04-17T16:22:44.180645Z,84,187,0.009,27,1445,0
MCH-071,2024-04-17T19:22:44.180645Z,82,177,0.008,20,1454,0
MCH-071,2024-04-17T20:22:44.180645Z,89,175,0.01,27,1463,0
MCH-071,2024-04-17T22:22:44.180645Z,91,174,0.004,21,1466,1
MCH-071,2024-04-18T00:22:44.180645Z,81,182,0.004,21,1473,0
MCH-071,2024-04-18T03:22:44.180645Z,92,185,0.011,21,1481,1
MCH-072,2024-04-17T06:22:44.180751Z,93,172,0.007,23,1600,0
MCH-072,2024-04-17T08:22:44.180751Z,86,172,0.003,23,1605,0
MCH-072,2024-04-17T09:22:44.180751Z,93,181,0.008,20,1612,0
MCH-072,2024-04-17T12:22:44.180751Z,81,171,0.004,22,1616,0
MCH-072,2024-04-17T15:22:44.180751Z,88,168,0.009,24,1622,0
MCH-072,2024-04-17T18:22:44.180751Z,82,170,0.004,18,1623,1
MCH-072,2024-04-17T20:22:44.180751Z,81,185,0.002,22,1625,1
MCH-072,2024-04-17T23:22:44.180751Z,81,177,0.012,22,1632,1
MCH-072,2024-04-18T00:22:44.180751Z,87,176,0.006,25,1637,1
MCH-072,2024-04-18T01:22:44.180751Z,94,171,0.007,21,1645,0
MCH-073,2024-04-17T07:22:44.180857Z,88,171,0.006,19,1935,1
MCH-073,2024-04-17T09:22:44.180857Z,93,185,0.003,23,1939,0
MCH-073,2024-04-17T10:22:44.180857Z,84,190,0.008,18,1940,1
MCH-073,2024-04-17T11:22:44.180857Z,81,177,0.005,24,1943,1
MCH-073,2024-04-17T14:22:44.180857Z,90,186,0.002,26,1951,1
MCH-073,2024-04-17T16:22:44.180857Z,81,187,0.009,18,1959,0
MCH-073,2024-04-17T17:22:44.180857Z,92,177,0.004,24,1963,0
MCH-073,2024-04-17T19:22:44.180857Z,85,180,0.008,24,1966,1
MCH-073,2024-04-17T21:22:44.180857Z,92,170,0.008,22,1969,1
MCH-073,2024-04-18T00:22:44.180857Z,90,178,0.007,19,1979,1
MCH-074,2024-04-17T08:22:44.180979Z,82,169,0.006,25,1503,0
MCH-074,2024-04-17T11:22:44.180979Z,94,174,0.009,25,1507,0
MCH-074,2024-04-17T13:22:44.180979Z,87,176,0.011,23,1511,0
MCH-074,2024-04-17T16:22:44.180979Z,92,185,0.002,26,1515,1
MCH-074,2024-04-17T19:22:44.180979Z,84,173,0.007,20,1525,0
MCH-074,2024-04-17T22:22:44.180979Z,91,171,0.004,23,1535,1
MCH-074,2024-04-18T00:22:44.180979Z,81,173,0.011,22,1543,0
MCH-074,2024-04-18T03:22:44.180979Z,82,184,0.003,24,1549,0
MCH-074,2024-04-18T06:22:44.180979Z,83,177,0.01,27,1552,0
MCH-074,2024-04-18T07:22:44.180979Z,82,190,0.011,27,1557,1
MCH-075,2024-04-17T07:22:44.181085Z,94,171,0.012,20,1406,1
MCH-075,2024-04-17T08:22:44.181085Z,85,186,0.007,19,1410,1
MCH-075,2024-04-17T10:22:44.181085Z,87,180,0.01,25,1412,0
MCH-075,2024-04-17T12:22:44.181085Z,86,184,0.011,18,1418,1
MCH-075,2024-04-17T13:22:44.181085Z,89,184,0.004,20,1428,1
MCH-075,2024-04-17T16:22:44.181085Z,88,187,0.011,25,1436,1
MCH-075,2024-04-17T17:22:44.181085Z,88,186,0.006,26,1443,1
MCH-075,2024-04-17T20:22:44.181085Z,81,175,0.006,22,1452,0
MCH-075,2024-04-17T22:22:44.181085Z,94,179,0.006,21,1459,0
MCH-075,2024-04-18T00:22:44.181085Z,88,184,0.003,20,1464,0
MCH-076,2024-04-17T06:22:44.181192Z,86,184,0.01,18,1051,0
MCH-076,2024-04-17T08:22:44.181192Z,86,190,0.012,19,1060,1
MCH-076,2024-04-17T11:22:44.181192Z,90,186,0.006,27,1064,1
MCH-076,2024-04-17T14:22:44.181192Z,82,172,0.005,18,1074,1
MCH-076,2024-04-17T16:22:44.181192Z,84,181,0.009,21,1077,0
MCH-076,2024-04-17T18:22:44.181192Z,88,187,0.007,27,1080,1
MCH-076,2024-04-17T21:22:44.181192Z,86,175,0.01,18,1089,1
MCH-076,2024-04-17T23:22:44.181192Z,90,187,0.01,25,1094,0
MCH-076,2024-04-18T01:22:44.181192Z,82,168,0.003,21,1099,0
MCH-076,2024-04-18T03:22:44.181192Z,83,185,0.009,25,1104,0
MCH-077,2024-04-17T07:22:44.181297Z,92,181,0.008,22,1169,0
MCH-077,2024-04-17T10:22:44.181297Z,92,168,0.009,18,1174,0
MCH-077,2024-04-17T11:22:44.181297Z,94,190,0.011,21,1184,0
MCH-077,2024-04-17T14:22:44.181297Z,84,187,0.006,21,1192,0
MCH-077,2024-04-17T17:22:44.181297Z,83,183,0.006,19,1193,0
MCH-077,2024-04-17T20:22:44.181297Z,94,182,0.007,25,1199,0
MCH-077,2024-04-17T23:22:44.181297Z,85,188,0.003,20,1202,0
MCH-077,2024-04-18T02:22:44.181297Z,82,176,0.005,23,1205,0
MCH-077,2024-04-18T04:22:44.181297Z,89,170,0.008,26,1209,1
MCH-077,2024-04-18T07:22:44.181297Z,82,168,0.005,23,1213,0
MCH-078,2024-04-17T08:22:44.181405Z,89,178,0.004,25,1423,1
MCH-078,2024-04-17T10:22:44.181405Z,90,171,0.009,19,1427,1
MCH-078,2024-04-17T13:22:44.181405Z,88,190,0.005,27,1429,0
MCH-078,2024-04-17T15:22:44.181405Z,90,172,0.005,26,1434,1
MCH-078,2024-04-17T16:22:44.181405Z,87,177,0.004,20,1440,0
MCH-078,2024-04-17T18:22:44.181405Z,81,180,0.007,26,1444,1
MCH-078,2024-04-17T21:22:44.181405Z,88,185,0.007,26,1450,1
MCH-078,2024-04-17T22:22:44.181405Z,89,189,0.006,27,1451,1
MCH-078,2024-04-17T23:22:44.181405Z,85,173,0.002,19,1459,1
MCH-078,2024-04-18T01:22:44.181405Z,82,189,0.003,21,1460,0
MCH-079,2024-04-17T08:22:44.181516Z,81,170,0.002,21,1488,0
MCH-079,2024-04-17T10:22:44.181516Z,83,185,0.006,27,1490,0
MCH-079,2024-04-17T11:22:44.181516Z,81,185,0.002,19,1499,1
MCH-079,2024-04-17T14:22:44.181516Z,89,189,0.002,22,1507,0
MCH-079,2024-04-17T15:22:44.181516Z,89,169,0.003,25,1511,1
MCH-079,2024-04-17T18:22:44.181516Z,85,168,0.005,21,1521,1
MCH-079,2024-04-17T20:22:44.181516Z,92,187,0.004,27,1530,0
MCH-079,2024-04-17T23:22:44.181516Z,92,185,0.007,26,1532,0
MCH-079,2024-04-18T01:22:44.181516Z,81,182,0.009,18,1537,1
MCH-079,2024-04-18T04:22:44.181516Z,82,181,0.009,26,1546,1
MCH-080,2024-04-17T08:22:44.181643Z,86,186,0.004,23,1104,0
MCH-080,2024-04-17T09:22:44.181643Z,92,171,0.003,20,1110,0
MCH-080,2024-04-17T10:22:44.181643Z,93,178,0.003,19,1115,1
MCH-080,2024-04-17T11:22:44.181643Z,94,176,0.006,19,1124,1
MCH-080,2024-04-17T13:22:44.181643Z,88,180,0.007,22,1133,1
MCH-080,2024-04-17T16:22:44.181643Z,92,168,0.008,25,1134,0
MCH-080,2024-04-17T19:22:44.181643Z,92,183,0.009,25,1135,0
MCH-080,2024-04-17T20:22:44.181643Z,85,183,0.01,19,1144,1
MCH-080,2024-04-17T21:22:44.181643Z,85,189,0.008,27,1149,0
MCH-080,2024-04-17T23:22:44.181643Z,87,171,0.003,19,1156,0
MCH-081,2024-04-17T07:22:44.181748Z,94,188,0.005,18,1080,0
MCH-081,2024-04-17T10:22:44.181748Z,81,168,0.005,19,1085,1
MCH-081,2024-04-17T13:22:44.181748Z,84,182,0.006,23,1092,0
MCH-081,2024-04-17T15:22:44.181748Z,91,168,0.006,26,1101,0
MCH-081,2024-04-17T17:22:44.181748Z,81,181,0.008,23,1106,0
MCH-081,2024-04-17T19:22:44.181748Z,93,176,0.011,22,1116,1
MCH-081,2024-04-17T21:22:44.181748Z,91,185,0.003,19,1125,1
MCH-081,2024-04-17T22:22:44.181748Z,94,178,0.007,21,1126,0
MCH-081,2024-04-18T00:22:44.181748Z,91,188,0.003,27,1130,1
MCH-081,2024-04-18T03:22:44.181748Z,94,183,0.005,20,1137,1
MCH-082,2024-04-17T07:22:44.181852Z,86,186,0.012,27,1043,1
MCH-082,2024-04-17T08:22:44.181852Z,85,186,0.007,25,1045,0
MCH-082,2024-04-17T11:22:44.181852Z,81,176,0.011,22,1052,0
MCH-082,2024-04-17T14:22:44.181852Z,94,173,0.008,25,1062,0
MCH-082,2024-04-17T17:22:44.181852Z,83,182,0.007,24,1063,0
MCH-082,2024-04-17T19:22:44.181852Z,84,173,0.006,20,1067,0
MCH-082,2024-04-17T20:22:44.181852Z,84,189,0.01,21,1076,0
MCH-082,2024-04-17T22:22:44.181852Z,94,189,0.005,18,1086,0
MCH-082,2024-04-17T23:22:44.181852Z,94,180,0.005,27,1092,0
MCH-082,2024-04-18T01:22:44.181852Z,91,171,0.003,20,1100,0
MCH-083,2024-04-17T06:22:44.181963Z,83,174,0.005,18,1975,0
MCH-083,2024-04-17T09:22:44.181963Z,82,185,0.007,23,1977,1
MCH-083,2024-04-17T11:22:44.181963Z,81,182,0.011,24,1979,1
MCH-083,2024-04-17T13:22:44.181963Z,92,181,0.011,24,1986,0
MCH-083,2024-04-17T15:22:44.181963Z,91,173,0.01,18,1995,0
MCH-083,2024-04-17T17:22:44.181963Z,89,185,0.005,20,1997,0
MCH-083,2024-04-17T19:22:44.181963Z,94,185,0.006,26,2003,1
MCH-083,2024-04-17T20:22:44.181963Z,92,169,0.01,24,2004,1
MCH-083,2024-04-17T22:22:44.181963Z,86,186,0.008,24,2011,0
MCH-083,2024-04-18T01:22:44.181963Z,88,181,0.003,26,2015,1
MCH-084,2024-04-17T08:22:44.182067Z,84,183,0.012,25,1861,1
MCH-084,2024-04-17T11:22:44.182067Z,86,181,0.012,20,1863,1
MCH-084,2024-04-17T12:22:44.182067Z,86,173,0.003,22,1867,0
MCH-084,2024-04-17T14:22:44.182067Z,92,168,0.003,21,1872,1
MCH-084,2024-04-17T15:22:44.182067Z,89,177,0.006,24,1873,1
MCH-084,2024-04-17T16:22:44.182067Z,83,183,0.011,19,1875,0
MCH-084,2024-04-17T17:22:44.182067Z,89,170,0.005,22,1880,1
MCH-084,2024-04-17T19:22:44.182067Z,81,181,0.01,21,1888,1
MCH-084,2024-04-17T20:22:44.182067Z,87,181,0.006,23,1889,0
MCH-084,2024-04-17T21:22:44.182067Z,87,179,0.005,22,1890,1
MCH-085,2024-04-17T06:22:44.182171Z,86,173,0.005,18,1419,1
MCH-085,2024-04-17T09:22:44.182171Z,87,175,0.007,24,1420,0
MCH-085,2024-04-17T11:22:44.182171Z,85,184,0.003,27,1421,0
MCH-085,2024-04-17T12:22:44.182171Z,92,171,0.009,26,1424,0
MCH-085,2024-04-17T15:22:44.182171Z,90,180,0.006,27,1426,1
MCH-085,2024-04-17T18:22:44.182171Z,93,175,0.008,22,1430,0
MCH-085,2024-04-17T20:22:44.182171Z,81,186,0.006,19,1440,0
MCH-085,2024-04-17T23:22:44.182171Z,92,186,0.011,24,1447,1
MCH-085,2024-04-18T00:22:44.182171Z,81,187,0.008,24,1454,0
MCH-085,2024-04-18T03:22:44.182171Z,92,183,0.007,23,1460,1
MCH-086,2024-04-17T08:22:44.182276Z,92,187,0.011,27,1302,0
MCH-086,2024-04-17T10:22:44.182276Z,93,177,0.01,24,1305,1
MCH-086,2024-04-17T11:22:44.182276Z,90,185,0.003,20,1310,0
MCH-086,2024-04-17T14:22:44.182276Z,84,184,0.006,27,1316,0
MCH-086,2024-04-17T17:22:44.182276Z,82,168,0.01,19,1318,1
MCH-086,2024-04-17T20:22:44.182276Z,84,175,0.009,21,1322,1
MCH-086,2024-04-17T21:22:44.182276Z,81,180,0.01,19,1329,1
MCH-086,2024-04-18T00:22:44.182276Z,92,169,0.006,19,1335,1
MCH-086,2024-04-18T02:22:44.182276Z,89,185,0.01,19,1342,1
MCH-086,2024-04-18T05:22:44.182276Z,92,168,0.009,20,1347,0
MCH-087,2024-04-17T07:22:44.182383Z,83,179,0.003,20,1413,1
MCH-087,2024-04-17T10:22:44.182383Z,88,177,0.003,27,1414,0
MCH-087,2024-04-17T12:22:44.182383Z,81,174,0.004,21,1415,1
MCH-087,2024-04-17T15:22:44.182383Z,83,187,0.003,21,1419,0
MCH-087,2024-04-17T16:22:44.182383Z,85,184,0.008,27,1426,0
MCH-087,2024-04-17T19:22:44.182383Z,81,184,0.011,25,1436,0
MCH-087,2024-04-17T20:22:44.182383Z,88,172,0.01,23,1443,0
MCH-087,2024-04-17T23:22:44.182383Z,85,174,0.008,21,1449,1
MCH-087,2024-04-18T02:22:44.182383Z,85,175,0.011,20,1451,1
MCH-087,2024-04-18T04:22:44.182383Z,94,185,0.01,18,1452,1
MCH-088,2024-04-17T06:22:44.182488Z,93,187,0.004,26,1515,0
MCH-088,2024-04-17T07:22:44.182488Z,94,170,0.01,22,1523,1
MCH-088,2024-04-17T09:22:44.182488Z,94,179,0.012,25,1525,0
MCH-088,2024-04-17T10:22:44.182488Z,88,168,0.012,26,1530,1
MCH-088,2024-04-17T11:22:44.182488Z,81,169,0.008,18,1536,1
MCH-088,2024-04-17T13:22:44.182488Z,83,180,0.011,21,1539,0
MCH-088,2024-04-17T16:22:44.182488Z,93,179,0.005,20,1540,0
MCH-088,2024-04-17T19:22:44.182488Z,91,174,0.006,25,1542,0
MCH-088,2024-04-17T22:22:44.182488Z,92,168,0.006,27,1550,1
MCH-088,2024-04-18T00:22:44.182488Z,89,177,0.01,24,1556,1
MCH-089,2024-04-17T07:22:44.182628Z,92,186,0.007,20,1454,0
MCH-089,2024-04-17T08:22:44.182628Z,85,178,0.009,18,1456,1
MCH-089,2024-04-17T11:22:44.182628Z,86,180,0.012,22,1463,0
MCH-089,2024-04-17T14:22:44.182628Z,87,185,0.005,21,1470,0
MCH-089,2024-04-17T16:22:44.182628Z,87,187,0.007,27,1478,0
MCH-089,2024-04-17T17:22:44.182628Z,86,178,0.009,19,1482,0
MCH-089,2024-04-17T18:22:44.182628Z,84,186,0.008,19,1486,1
MCH-089,2024-04-17T20:22:44.182628Z,92,172,0.003,23,1489,1
MCH-089,2024-04-17T23:22:44.182628Z,94,177,0.007,27,1497,0
MCH-089,2024-04-18T02:22:44.182628Z,81,171,0.007,22,1505,1
MCH-090,2024-04-17T06:22:44.182733Z,84,178,0.009,21,1449,1
MCH-090,2024-04-17T09:22:44.182733Z,88,189,0.004,21,1458,0
MCH-090,2024-04-17T12:22:44.182733Z,81,182,0.009,27,1463,0
MCH-090,2024-04-17T13:22:44.182733Z,91,188,0.009,22,1466,1
MCH-090,2024-04-17T15:22:44.182733Z,88,179,0.01,27,1473,0
MCH-090,2024-04-17T18:22:44.182733Z,84,174,0.011,21,1480,1
MCH-090,2024-04-17T20:22:44.182733Z,92,176,0.002,20,1484,0
MCH-090,2024-04-17T23:22:44.182733Z,91,181,0.008,21,1488,1
MCH-090,2024-04-18T01:22:44.182733Z,91,180,0.006,21,1495,1
MCH-090,2024-04-18T04:22:44.182733Z,81,187,0.007,23,1499,0
MCH-091,2024-04-17T06:22:44.182837Z,82,190,0.01,26,1081,1
MCH-091,2024-04-17T07:22:44.182837Z,94,182,0.003,21,1088,1
MCH-091,2024-04-17T08:22:44.182837Z,94,181,0.007,25,1095,1
MCH-091,2024-04-17T11:22:44.182837Z,82,189,0.01,22,1101,0
MCH-091,2024-04-17T12:22:44.182837Z,93,184,0.007,20,1109,1
MCH-091,2024-04-17T14:22:44.182837Z,93,178,0.005,20,1110,1
MCH-091,2024-04-17T15:22:44.182837Z,91,188,0.011,21,1118,1
MCH-091,2024-04-17T18:22:44.182837Z,89,174,0.005,19,1126,1
MCH-091,2024-04-17T19:22:44.182837Z,94,173,0.012,27,1129,1
MCH-091,2024-04-17T21:22:44.182837Z,84,185,0.002,19,1134,0
MCH-092,2024-04-17T06:22:44.182948Z,90,175,0.002,27,1830,1
MCH-092,2024-04-17T09:22:44.182948Z,91,180,0.003,26,1840,0
MCH-092,2024-04-17T12:22:44.182948Z,82,172,0.007,21,1842,0
MCH-092,2024-04-17T14:22:44.182948Z,81,178,0.004,20,1847,0
MCH-092,2024-04-17T15:22:44.182948Z,92,179,0.009,20,1853,0
MCH-092,2024-04-17T17:22:44.182948Z,88,176,0.004,27,1855,1
MCH-092,2024-04-17T19:22:44.182948Z,86,185,0.007,23,1862,0
MCH-092,2024-04-17T21:22:44.182948Z,93,182,0.006,18,1868,0
MCH-092,2024-04-17T23:22:44.182948Z,89,172,0.003,19,1877,1
MCH-092,2024-04-18T02:22:44.182948Z,81,179,0.011,18,1879,0
MCH-093,2024-04-17T06:22:44.183052Z,83,177,0.003,27,1214,0
MCH-093,2024-04-17T09:22:44.183052Z,88,178,0.003,19,1217,1
MCH-093,2024-04-17T11:22:44.183052Z,93,177,0.005,27,1219,0
MCH-093,2024-04-17T14:22:44.183052Z,92,188,0.007,20,1223,1
MCH-093,2024-04-17T15:22:44.183052Z,86,173,0.004,26,1232,1
MCH-093,2024-04-17T17:22:44.183052Z,82,184,0.003,21,1239,1
MCH-093,2024-04-17T18:22:44.183052Z,82,185,0.007,21,1244,0
MCH-093,2024-04-17T19:22:44.183052Z,81,185,0.006,18,1250,1
MCH-093,2024-04-17T20:22:44.183052Z,86,172,0.008,26,1259,0
MCH-093,2024-04-17T21:22:44.183052Z,84,184,0.008,18,1264,0
MCH-094,2024-04-17T08:22:44.183155Z,88,181,0.004,24,1471,1
MCH-094,2024-04-17T10:22:44.183155Z,89,180,0.008,27,1478,0
MCH-094,2024-04-17T13:22:44.183155Z,87,175,0.007,20,1488,1
MCH-094,2024-04-17T14:22:44.183155Z,85,181,0.003,22,1497,0
MCH-094,2024-04-17T17:22:44.183155Z,83,177,0.012,18,1502,1
MCH-094,2024-04-17T19:22:44.183155Z,92,169,0.003,21,1503,1
MCH-094,2024-04-17T22:22:44.183155Z,81,190,0.004,22,1511,0
MCH-094,2024-04-17T23:22:44.183155Z,85,190,0.012,24,1518,0
MCH-094,2024-04-18T01:22:44.183155Z,91,182,0.008,18,1525,0
MCH-094,2024-04-18T04:22:44.183155Z,83,173,0.004,27,1526,1
MCH-095,2024-04-17T06:22:44.183258Z,92,188,0.004,22,1996,0
MCH-095,2024-04-17T07:22:44.183258Z,85,174,0.005,20,2001,1
MCH-095,2024-04-17T10:22:44.183258Z,83,170,0.009,22,2008,0
MCH-095,2024-04-17T11:22:44.183258Z,86,190,0.008,20,2018,1
MCH-095,2024-04-17T13:22:44.183258Z,90,182,0.01,23,2022,1
MCH-095,2024-04-17T16:22:44.183258Z,93,185,0.01,21,2032,1
MCH-095,2024-04-17T18:22:44.183258Z,85,175,0.005,19,2034,0
MCH-095,2024-04-17T20:22:44.183258Z,87,172,0.003,24,2037,1
MCH-095,2024-04-17T23:22:44.183258Z,87,184,0.01,21,2046,1
MCH-095,2024-04-18T00:22:44.183258Z,83,169,0.003,20,2054,1
MCH-096,2024-04-17T08:22:44.183362Z,86,172,0.003,20,1953,1
MCH-096,2024-04-17T09:22:44.183362Z,92,173,0.011,21,1961,1
MCH-096,2024-04-17T11:22:44.183362Z,90,187,0.007,20,1970,0
MCH-096,2024-04-17T14:22:44.183362Z,87,184,0.008,27,1980,0
MCH-096,2024-04-17T16:22:44.183362Z,85,180,0.009,26,1985,1
MCH-096,2024-04-17T17:22:44.183362Z,93,176,0.006,23,1991,1
MCH-096,2024-04-17T18:22:44.183362Z,87,186,0.012,23,1995,1
MCH-096,2024-04-17T21:22:44.183362Z,88,187,0.007,22,2005,1
MCH-096,2024-04-18T00:22:44.183362Z,86,179,0.009,25,2014,1
MCH-096,2024-04-18T02:22:44.183362Z,81,179,0.012,25,2017,1
MCH-097,2024-04-17T07:22:44.183468Z,93,180,0.006,20,1551,1
MCH-097,2024-04-17T09:22:44.183468Z,94,172,0.005,18,1554,1
MCH-097,2024-04-17T11:22:44.183468Z,84,176,0.004,19,1563,0
MCH-097,2024-04-17T14:22:44.183468Z,85,171,0.01,20,1564,0
MCH-097,2024-04-17T15:22:44.183468Z,90,168,0.002,23,1573,1
MCH-097,2024-04-17T16:22:44.183468Z,83,179,0.012,25,1575,0
MCH-097,2024-04-17T17:22:44.183468Z,84,170,0.009,25,1585,1
MCH-097,2024-04-17T20:22:44.183468Z,94,189,0.004,25,1593,1
MCH-097,2024-04-17T21:22:44.183468Z,90,187,0.006,22,1595,0
MCH-097,2024-04-18T00:22:44.183468Z,91,186,0.006,21,1597,0
MCH-098,2024-04-17T08:22:44.183596Z,84,176,0.011,27,1097,0
MCH-098,2024-04-17T11:22:44.183596Z,82,168,0.002,22,1101,1
MCH-098,2024-04-17T14:22:44.183596Z,84,171,0.005,25,1111,1
MCH-098,2024-04-17T17:22:44.183596Z,82,189,0.007,19,1120,1
MCH-098,2024-04-17T18:22:44.183596Z,93,169,0.008,25,1126,0
MCH-098,2024-04-17T21:22:44.183596Z,91,174,0.005,23,1129,1
MCH-098,2024-04-18T00:22:44.183596Z,83,186,0.003,26,1131,0
MCH-098,2024-04-18T02:22:44.183596Z,82,183,0.009,20,1137,1
MCH-098,2024-04-18T03:22:44.183596Z,81,174,0.008,21,1143,1
MCH-098,2024-04-18T04:22:44.183596Z,94,183,0.003,24,1145,1
MCH-099,2024-04-17T08:22:44.183703Z,81,186,0.005,25,1178,0
MCH-099,2024-04-17T10:22:44.183703Z,92,180,0.007,23,1180,0
MCH-099,2024-04-17T13:22:44.183703Z,81,170,0.007,19,1188,0
MCH-099,2024-04-17T15:22:44.183703Z,84,178,0.004,25,1192,1
MCH-099,2024-04-17T17:22:44.183703Z,86,173,0.008,22,1198,0
MCH-099,2024-04-17T19:22:44.183703Z,88,187,0.005,20,1203,1
MCH-099,2024-04-17T22:22:44.183703Z,90,188,0.007,24,1209,1
MCH-099,2024-04-17T23:22:44.183703Z,82,174,0.005,27,1215,1
MCH-099,2024-04-18T00:22:44.183703Z,91,184,0.012,18,1217,1
MCH-099,2024-04-18T03:22:44.183703Z,84,174,0.011,23,1220,0
MCH-100,2024-04-17T07:22:44.183806Z,89,177,0.003,22,1641,0
MCH-100,2024-04-17T10:22:44.183806Z,90,182,0.009,25,1644,1
MCH-100,2024-04-17T13:22:44.183806Z,94,169,0.002,26,1647,1
MCH-100,2024-04-17T15:22:44.183806Z,89,181,0.01,23,1650,1
MCH-100,2024-04-17T17:22:44.183806Z,88,172,0.006,26,1656,0
MCH-100,2024-04-17T19:22:44.183806Z,93,172,0.009,18,1665,0
MCH-100,2024-04-17T21:22:44.183806Z,91,173,0.011,18,1670,1
MCH-100,2024-04-17T22:22:44.183806Z,90,190,0.003,18,1676,1
MCH-100,2024-04-18T01:22:44.183806Z,82,182,0.009,19,1686,1
MCH-100,2024-04-18T03:22:44.183806Z,93,185,0.003,20,1692,0
