date,device,failure,metric1,metric2,metric3,metric4,metric5,metric6,metric7,metric8,metric9
01-01-2015,S1F01085,0,215630672,55,0,52,6,407438,0,0,7
01-01-2015,S1F0166B,0,61370680,0,3,0,6,403174,0,0,0
01-01-2015,S1F01E6Y,0,173295968,0,0,0,12,237394,0,0,0
01-01-2015,S1F01JE0,0,79694024,0,0,0,6,410186,0,0,0
01-01-2015,S1F01R2B,0,135970480,0,0,0,15,313173,0,0,3
01-01-2015,S1F01TD5,0,68837488,0,0,41,6,413535,0,0,1
01-01-2015,S1F01XDJ,0,227721632,0,0,0,8,402525,0,0,0
01-01-2015,S1F023H2,0,141503600,0,0,1,19,494462,16,16,3
01-01-2015,S1F02A0J,0,8217840,0,1,0,14,311869,0,0,0
01-01-2015,S1F02DZ2,0,116440096,0,378,9,9,407905,0,0,170
01-01-2015,S1F02EVN,0,112348104,0,0,0,7,388146,0,0,1
01-01-2015,S1F02L38,0,223938928,0,0,0,2,215169,0,0,8
01-01-2015,S1F02MGA,0,44399688,0,266,1,6,399286,0,0,2269
01-01-2015,S1F02P76,0,104131304,1536,0,175,11,301679,0,0,0
01-01-2015,S1F02VAX,0,61019512,168,2,521,3,380496,0,0,3
01-01-2015,S1F02WFT,0,44348552,6150,14,1074,11,249515,0,0,21
01-01-2015,S1F0318A,0,35018688,0,0,0,9,394890,0,0,5
01-01-2015,S1F0322R,0,34540712,0,0,0,9,411399,0,0,0
01-01-2015,S1F0330P,0,125539768,0,0,12,14,297284,0,0,5
01-01-2015,S1F035SJ,0,220392160,0,0,0,9,389730,0,0,0
01-01-2015,S1F0377V,0,166567552,0,0,23,14,321308,0,0,8
01-01-2015,S1F039FE,0,218786520,0,0,6,4,394782,0,0,2
01-01-2015,S1F03RV3,0,176851840,0,0,0,8,258058,0,0,0
01-01-2015,S1F03YZM,0,55587136,0,0,0,7,199132,0,0,0
01-01-2015,S1F044ET,0,161730848,0,0,0,5,226578,0,0,0
01-01-2015,S1F049RX,0,181980928,0,0,4,7,395719,0,0,0
01-01-2015,S1F04DH8,0,134506192,0,9,0,16,324354,0,0,145
01-01-2015,S1F04KSC,0,105234552,392,24929,529,3,339205,0,0,10137
01-01-2015,S1F04MVQ,0,41356960,1984,0,46,4,367145,0,0,65
01-01-2015,S1F04R7Y,0,126680112,0,0,0,7,398672,0,0,51
01-01-2015,S1F04TS4,0,11041528,0,0,8,6,385366,0,0,1
01-01-2015,S1F04Y6C,0,121664216,0,0,7,3,388821,0,0,0
01-01-2015,S1F059G0,0,131625384,0,14,0,3,399158,0,0,255
01-01-2015,S1F05AFP,0,182270456,0,0,2,3,378044,0,0,0
01-01-2015,S1F05B1Q,0,163784840,0,0,7,4,387410,0,0,57
01-01-2015,S1F05NAJ,0,133978568,192,0,0,4,336806,0,0,1
01-01-2015,S1F05P51,0,188415568,496,0,0,5,331171,0,0,0
01-01-2015,S1F05P5Z,0,212782472,928,0,3,4,331390,0,0,0
01-01-2015,S1F06E04,0,67826320,1952,0,12,5,375985,0,0,0
01-01-2015,S1F06F7K,0,124661944,128,0,0,4,383073,0,0,1
01-01-2015,S1F06R6W,0,107727520,0,0,0,2,397732,0,0,3
01-01-2015,S1F06ZX2,0,118304768,0,0,0,9,403791,0,0,0
01-01-2015,S1F08R94,0,193299520,0,1,0,4,325723,0,0,0
01-01-2015,S1F08S38,0,36835520,744,3,2,4,333898,0,0,6
01-01-2015,S1F09DZQ,0,12568128,136,0,2,6,380112,0,0,2
01-01-2015,S1F09MAK,0,9461552,7928,0,7,3,306534,0,0,4
01-01-2015,S1F09MSM,0,150282408,360,0,0,3,338226,0,0,2
01-01-2015,S1F0A1PX,0,32240224,0,0,0,4,330480,0,0,0
01-01-2015,S1F0A1VP,0,214406240,8,1,8,4,337452,0,0,1
01-01-2015,S1F0AADQ,0,204365424,0,0,0,7,380594,0,0,1
01-01-2015,S1F0AEFT,0,201740416,0,0,0,9,392707,0,0,0
01-01-2015,S1F0B3XA,0,138051992,464,0,3,4,342303,0,0,0
01-01-2015,S1F0B5QJ,0,190272496,21528,0,331,4,257578,8,8,0
01-01-2015,S1F0BN0S,0,164954392,1392,0,0,4,315843,0,0,0
01-01-2015,S1F0BQZK,0,16350056,128,3,6,4,331917,48,48,5
01-01-2015,S1F0BVK1,0,128177168,0,0,0,5,235659,0,0,0
01-01-2015,S1F0BWZ3,0,77946232,0,0,0,7,354416,0,0,2
01-01-2015,S1F0C95J,0,145431032,0,0,0,5,228392,0,0,0
01-01-2015,S1F0CE60,0,116599776,0,0,0,6,213752,0,0,0
01-01-2015,S1F0CSBR,0,117542136,352,0,1,4,303625,0,0,0
01-01-2015,S1F0CSRZ,0,8337728,7448,382,7,4,332141,0,0,1864
01-01-2015,S1F0CT09,0,59979360,104,0,0,4,333880,0,0,0
01-01-2015,S1F0CT4F,0,4308592,0,0,0,4,350244,0,0,0
01-01-2015,S1F0CTDN,0,50147888,528,0,4,9,381198,32,32,3
01-01-2015,S1F0CTDY,0,40804784,192,0,0,4,337518,0,0,0
01-01-2015,S1F0CTRL,0,68179312,800,0,0,4,341208,0,0,1
01-01-2015,S1F0CVDS,0,31652376,0,0,0,4,345198,312,312,0
01-01-2015,S1F0CVRM,0,3131464,520,0,3,4,333128,0,0,0
01-01-2015,S1F0CVWK,0,214520784,1888,0,6,7,350191,0,0,0
01-01-2015,S1F0CVY5,0,149416256,1232,1326,4,5,315962,0,0,898
01-01-2015,S1F0CWHW,0,181849512,368,0,0,4,320211,0,0,9
01-01-2015,S1F0CWKN,0,127130528,0,0,0,4,338123,0,0,0
01-01-2015,S1F0CWXJ,0,126520680,6336,0,1,4,286446,0,0,0
01-01-2015,S1F0DKAN,0,229757712,0,0,0,6,257378,0,0,0
01-01-2015,S1F0DSTY,0,8471680,0,0,0,11,436682,0,0,0
01-01-2015,S1F0E9EP,0,106791400,0,0,0,8,196552,0,0,0
01-01-2015,S1F0EEP2,0,134846800,0,0,0,13,241377,0,0,0
01-01-2015,S1F0EGMT,0,84554144,0,0,0,9,196324,0,0,0
01-01-2015,S1F0EGSH,0,40237712,0,0,0,11,217110,0,0,0
01-01-2015,S1F0F4EB,0,239412320,0,0,0,9,200197,0,0,2
01-01-2015,S1F0F4G4,0,211877800,0,0,0,10,285843,0,0,2
01-01-2015,S1F0FGBQ,0,22235264,0,0,0,9,170595,0,0,0
01-01-2015,S1F0FP0C,0,170455152,0,0,0,9,199551,0,0,0
01-01-2015,S1F0FVBE,0,220310848,0,0,0,14,287997,0,0,0
01-01-2015,S1F0FW8K,0,148364576,0,0,0,92,219483,0,0,0
01-01-2015,S1F0FZ8F,0,131456656,0,0,0,7,196271,0,0,0
01-01-2015,S1F0G0XX,0,199608968,0,0,0,12,286864,0,0,0
01-01-2015,S1F0G9ZF,0,298304,0,0,0,70,220132,0,0,0
01-01-2015,S1F0GCED,0,236579432,0,0,0,8,200873,0,0,0
01-01-2015,S1F0GG8X,0,38395328,1232,0,0,11,187467,0,0,2
01-01-2015,S1F0GGJD,0,729312,0,0,0,62,193739,0,0,0
01-01-2015,S1F0GGPP,0,183315424,0,0,0,9,199329,0,0,0
01-01-2015,S1F0GHJ1,0,42570952,0,0,0,58,220094,0,0,0
01-01-2015,S1F0GJL9,0,54378424,0,0,0,63,222276,0,0,0
01-01-2015,S1F0GJW3,0,118683272,0,0,0,8,201152,0,0,0
01-01-2015,S1F0GKFX,0,107148272,0,0,0,65,223170,0,0,0
01-01-2015,S1F0GKL6,0,234778096,0,0,0,90,221425,0,0,0
01-01-2015,S1F0GPFZ,0,53071760,0,0,0,8,195262,0,0,0
01-01-2015,S1F0GPXY,0,22380768,0,0,0,8,196205,0,0,0
01-01-2015,S1F0GQCL,0,113057752,0,0,0,92,217629,0,0,0
01-01-2015,S1F0GRB1,0,141979144,0,0,0,67,222055,0,0,0
01-01-2015,S1F0GSD9,0,2373368,0,0,0,11,197582,0,0,0
01-01-2015,S1F0GSHB,0,156384480,0,0,0,91,223965,0,0,0
01-01-2015,S1F0GV0W,0,167290904,0,5,6,95,221821,0,0,0
01-01-2015,S1F0H6JG,0,91780872,0,0,0,7,193033,0,0,0
01-01-2015,S1F0H6JJ,0,146195960,0,0,0,32,249911,0,0,2
01-01-2015,S1F0HWXJ,0,167636672,0,0,0,6,208328,0,0,0
01-01-2015,S1F0J5JH,0,58802968,0,0,0,7,200198,0,0,0
01-01-2015,S1F0JD7P,0,17000896,0,0,0,58,224281,0,0,0
01-01-2015,S1F0JGJV,0,95214880,0,0,0,7,195474,0,0,0
01-01-2015,S1F0JMRJ,0,111709616,0,0,0,39,254620,0,0,14
01-01-2015,S1F0KY6R,0,128410712,0,0,0,14,284707,0,0,0
01-01-2015,S1F0KYCR,0,175582800,0,0,0,9,198663,0,0,0
01-01-2015,S1F0KZJJ,0,61131968,0,0,0,36,247392,0,0,0
01-01-2015,S1F0L0DW,0,211717136,0,0,0,7,281947,0,0,0
01-01-2015,S1F0L11K,0,205419560,0,0,0,6,205762,0,0,0
01-01-2015,S1F0LBMG,0,210532624,0,0,0,7,281490,0,0,7
01-01-2015,S1F0LBY2,0,129849824,0,0,0,11,444624,0,0,0
01-01-2015,S1F0LC06,0,216641792,0,0,0,6,206400,0,0,0
01-01-2015,S1F0LCKH,0,195863944,0,0,0,11,448235,0,0,0
01-01-2015,S1F0LCQX,0,41300112,0,0,0,7,280015,0,0,0
01-01-2015,S1F0LCS6,0,166809968,0,0,0,17,219974,0,0,0
01-01-2015,S1F0LCSV,0,120472544,0,0,0,6,179427,0,0,0
01-01-2015,S1F0LCTV,0,215846224,0,0,1,11,447025,0,0,0
01-01-2015,S1F0LCVC,0,180474968,0,0,0,8,205331,0,0,0
01-01-2015,S1F0LD15,0,142117744,0,0,0,6,281773,0,0,0
01-01-2015,S1F0LD2C,0,168591160,0,0,0,12,436503,0,0,0
01-01-2015,S1F0LD73,0,199920328,0,0,0,6,280756,0,0,0
01-01-2015,S1F0LDB5,0,43449600,17408,0,1,15,182232,0,0,4
01-01-2015,S1F0LDED,0,165274944,0,0,0,7,199853,0,0,0
01-01-2015,S1F0LDKM,0,108908712,0,0,0,7,206291,0,0,1
01-01-2015,S1F0LDLW,0,63119808,0,0,0,7,206317,0,0,0
01-01-2015,S1F0LE2X,0,47840256,0,0,26,16,196011,0,0,4
01-01-2015,S1F0LEBM,0,151010312,0,0,0,5,200795,0,0,5
01-01-2015,S1F0LHH2,0,121405080,1056,0,6,8,198678,0,0,0
01-01-2015,S1F0LL2X,0,216903096,0,1,14,6,206545,0,0,2
01-01-2015,S1F0LLKM,0,68189000,0,0,0,11,200435,0,0,4
01-01-2015,S1F0LQDQ,0,156881360,0,0,0,8,202765,0,0,0
01-01-2015,S1F0LR01,0,81021168,0,0,8,9,169543,0,0,0
01-01-2015,S1F0M2PQ,0,225018736,0,0,6,60,223751,0,0,0
01-01-2015,S1F0MBV5,0,129543120,0,0,0,4,341740,0,0,0
01-01-2015,S1F0P1K7,0,138312440,0,0,0,2,242939,0,0,0
01-01-2015,S1F0P2B4,0,23533944,0,0,0,4,249201,0,0,0
01-01-2015,S1F0P3G2,0,48342824,0,0,0,8,241097,0,0,1
01-01-2015,S1F0PEVC,0,156787912,0,0,0,6,215682,0,0,1
01-01-2015,S1F0PF59,0,24736600,0,0,0,6,243870,0,0,0
01-01-2015,S1F0PF5Q,0,54443832,0,0,0,12,244150,0,0,98
01-01-2015,S1F0PG6Z,0,151045488,0,0,20,10,200877,0,0,4
01-01-2015,S1F0PGHQ,0,174166216,0,0,0,6,241256,0,0,0
01-01-2015,S1F0PGZ6,0,124392280,0,0,0,5,243699,0,0,2
01-01-2015,S1F0PJAJ,0,221601392,0,0,0,12,246536,0,0,0
01-01-2015,S1F0PJJW,0,202194456,0,0,0,6,239294,0,0,0
01-01-2015,S1F0PJZP,0,203872952,0,0,0,12,241018,0,0,0
01-01-2015,S1F0PK2J,0,173213656,0,0,0,6,248974,0,0,0
01-01-2015,S1F0PK70,0,13491816,0,0,0,7,212073,0,0,0
01-01-2015,S1F0PL0R,0,81639352,0,0,0,6,220514,0,0,0
01-01-2015,S1F0PL7D,0,121954672,0,0,0,6,240935,0,0,1
01-01-2015,S1F0PLEL,0,224186232,0,0,0,7,217381,0,0,0
01-01-2015,S1F0PXZL,0,172194432,0,0,0,8,380445,0,0,0
01-01-2015,S1F0QF3R,0,87216432,0,0,0,12,200440,0,0,1
01-01-2015,S1F0QWEQ,0,115814816,0,0,0,9,220023,0,0,2
01-01-2015,S1F0QWGA,0,239161152,0,0,0,6,201423,0,0,0
01-01-2015,S1F0QWGD,0,29108992,0,0,0,17,219413,0,0,2
01-01-2015,S1F0QWPP,0,9983976,0,0,0,8,191439,0,0,0
01-01-2015,S1F0QWV6,0,26328712,0,0,9,8,185511,0,0,1
01-01-2015,S1F0QWWF,0,177648608,0,0,0,6,219810,0,0,0
01-01-2015,S1F0QWYG,0,183009864,0,0,0,6,196719,0,0,0
01-01-2015,S1F0QWZP,0,165690112,0,0,0,12,201601,0,0,2
01-01-2015,S1F0QX41,0,156719232,0,0,0,17,220399,0,0,0
01-01-2015,S1F0QX4C,0,155578104,0,0,0,12,186429,0,0,0
01-01-2015,S1F0QXCB,0,232321216,0,0,6,8,201507,0,0,1
01-01-2015,S1F0QXDD,0,137279848,0,0,0,8,188222,0,0,0
01-01-2015,S1F0QXDQ,0,217184136,0,0,0,6,190378,0,0,0
01-01-2015,S1F0QXM0,0,144456576,0,0,0,9,175469,0,0,0
01-01-2015,S1F0QXNB,0,19363776,0,0,0,16,220025,0,0,2
01-01-2015,S1F0QXRG,0,182117472,0,0,15,12,163552,0,0,0
01-01-2015,S1F0QXTJ,0,98523584,0,0,0,17,217890,0,0,0
01-01-2015,S1F0QXVD,0,35870128,0,0,0,6,217610,0,0,0
01-01-2015,S1F0QXXH,0,29726472,0,0,0,13,216071,0,0,0
01-01-2015,S1F0QXYA,0,218318296,0,2,0,13,186514,0,0,2794
01-01-2015,S1F0QXZS,0,199126528,0,0,13,9,191274,0,0,0
01-01-2015,S1F0QY05,0,134076008,0,0,2,10,220123,0,0,0
01-01-2015,S1F0QY0Q,0,241721712,0,0,0,5,209517,0,0,6
01-01-2015,S1F0QY11,0,10684704,0,0,9,7,207615,16,16,0
01-01-2015,S1F0QY1C,0,91742664,0,5,0,11,248836,0,0,2
01-01-2015,S1F0QY71,0,96821064,0,0,0,13,216397,0,0,0
01-01-2015,S1F0QY8S,0,30685944,0,0,0,11,191625,0,0,0
01-01-2015,S1F0QYBJ,0,32919128,0,0,0,8,197503,0,0,0
01-01-2015,S1F0QYJX,0,26388160,0,2,0,5,248589,0,0,1
01-01-2015,S1F0QYLA,0,167760320,0,1,0,5,240983,0,0,0
01-01-2015,S1F0QYMX,0,93625680,0,0,0,5,248423,0,0,5
01-01-2015,S1F0QYND,0,62045856,1160,0,17,6,248283,0,0,2
01-01-2015,S1F0QYPA,0,30858600,0,0,0,8,185632,0,0,0
01-01-2015,S1F0QYRB,0,238486208,0,0,6,10,211587,0,0,0
01-01-2015,S1F0QYRS,0,126314952,0,0,0,11,218626,0,0,4
01-01-2015,S1F0QYX3,0,208057056,0,0,0,16,219577,0,0,3
01-01-2015,S1F0QYX4,0,23849392,0,0,0,8,189751,0,0,1
01-01-2015,S1F0QYYB,0,201857416,0,0,0,11,244977,0,0,0
01-01-2015,S1F0QZ0P,0,78973104,0,0,1,16,217411,6,6,1
01-01-2015,S1F0QZSF,0,38293784,0,0,0,9,190676,0,0,0
01-01-2015,S1F0QZXV,0,172431104,0,0,0,7,201766,0,0,0
01-01-2015,S1F0QZYJ,0,169070552,0,0,0,11,248480,0,0,0
01-01-2015,S1F0R0JT,0,51563264,0,0,0,17,218640,0,0,0
01-01-2015,S1F0R0PX,0,4041152,0,0,0,12,216303,0,0,0
01-01-2015,S1F0R12B,0,113161400,0,0,0,6,215453,0,0,0
01-01-2015,S1F0R12Y,0,214843976,0,0,0,9,218320,0,0,1
01-01-2015,S1F0R15Y,0,102455016,0,0,0,6,220307,0,0,0
01-01-2015,S1F0R1GK,0,214204560,0,0,0,17,217588,0,0,0
01-01-2015,S1F0R20R,0,142192576,0,0,0,10,218252,0,0,0
01-01-2015,S1F0R2CW,0,44275160,0,0,0,9,219881,0,0,0
01-01-2015,S1F0R2KW,0,177924640,0,0,0,8,217447,0,0,0
01-01-2015,S1F0R2RJ,0,149103312,0,0,0,9,184664,0,0,0
01-01-2015,S1F0R2S6,0,237004056,0,0,0,8,189307,0,0,5
01-01-2015,S1F0R2SV,0,22472720,0,0,0,13,217823,0,0,1
01-01-2015,S1F0R2VP,0,86072160,0,0,0,12,220900,0,0,0
01-01-2015,S1F0R2VR,0,144964112,0,0,0,6,190174,0,0,0
01-01-2015,S1F0R37Q,0,89922656,0,0,0,7,188654,0,0,4
01-01-2015,S1F0R3FB,0,115946832,0,0,12,6,219725,0,0,0
01-01-2015,S1F0R3JV,0,212851856,0,0,0,6,200292,0,0,0
01-01-2015,S1F0R3LG,0,206216632,0,0,0,6,215753,0,0,0
01-01-2015,S1F0R3N9,0,110363088,0,0,6,16,219047,0,0,0
01-01-2015,S1F0R4JP,0,209839208,0,0,0,16,209646,0,0,0
01-01-2015,S1F0R4JY,0,55982144,0,0,0,7,388778,0,0,0
01-01-2015,S1F0R4Q8,0,88768680,0,0,0,6,196576,0,0,0
01-01-2015,S1F0R4YC,0,111512096,0,0,27,11,216368,0,0,0
01-01-2015,S1F0RG6V,0,218160168,0,0,0,8,186469,0,0,0
01-01-2015,S1F0RKT7,0,233898336,0,0,0,9,334400,0,0,13
01-01-2015,S1F0RM77,0,116885712,0,0,0,11,199046,0,0,0
01-01-2015,S1F0RQLR,0,162608736,0,0,0,7,243063,0,0,0
01-01-2015,S1F0RR0C,0,185880024,0,0,0,12,312015,0,0,0
01-01-2015,S1F0RR2E,0,130143688,0,0,0,8,247052,0,0,0
01-01-2015,S1F0RR35,0,194760840,136,0,0,12,262938,0,0,0
01-01-2015,S1F0RR5M,0,114539208,0,0,6,10,193540,0,0,0
01-01-2015,S1F0RR69,0,149775208,0,0,6,10,327793,0,0,0
01-01-2015,S1F0RR7L,0,187633224,0,0,0,13,242528,0,0,0
01-01-2015,S1F0RRB1,0,5230888,2288,0,37,8,39267,24,24,1
01-01-2015,S1F0RRDW,0,231173024,0,0,0,8,244580,0,0,0
01-01-2015,S1F0RREN,0,50458400,0,0,0,11,198649,0,0,1
01-01-2015,S1F0RRXY,0,186368056,0,0,0,6,385044,0,0,0
01-01-2015,S1F0RS3B,0,210389736,0,0,0,7,246156,0,0,0
01-01-2015,S1F0RS72,0,236979776,0,0,0,8,261930,0,0,15
01-01-2015,S1F0RS81,0,112575408,0,0,0,13,246111,0,0,0
01-01-2015,S1F0RSDT,0,44926784,0,0,0,8,194458,0,0,3
01-01-2015,S1F0RSER,0,177948000,0,0,0,7,297599,0,0,0
01-01-2015,S1F0RSFT,0,116685824,0,0,0,12,179065,0,0,0
01-01-2015,S1F0RSG7,0,18876760,0,406,0,12,303792,0,0,2637
01-01-2015,S1F0RSML,0,161981144,0,0,0,13,383682,0,0,0
01-01-2015,S1F0RSMR,0,187173072,0,0,0,9,242917,0,0,26
01-01-2015,S1F0RSWJ,0,88896736,0,0,0,12,247964,0,0,0
01-01-2015,S1F0RSXC,0,198574248,0,0,0,8,141203,0,0,1
01-01-2015,S1F0RSZP,0,83001592,0,0,0,13,244022,0,0,0
01-01-2015,S1F0RSZZ,0,14208288,0,0,0,12,194618,0,0,0
01-01-2015,S1F0RTQV,0,162237912,0,0,0,10,388954,0,0,0
01-01-2015,S1F0RV6Z,0,135874632,0,0,0,7,385271,0,0,0
01-01-2015,S1F0RVG8,0,204393912,0,0,6,6,297123,0,0,8
01-01-2015,S1F0RVVR,0,172280032,0,0,0,7,180778,0,0,0
01-01-2015,S1F0S02A,0,49170880,0,0,0,7,244565,0,0,0
01-01-2015,S1F0S0NC,0,148908960,0,0,0,7,193019,0,0,2
01-01-2015,S1F0S1QK,0,183166568,0,0,0,7,384650,0,0,2
01-01-2015,S1F0S2WJ,0,91505920,1184,0,0,14,243951,8,8,0
01-01-2015,S1F0S30R,0,11914784,0,0,0,13,236817,0,0,0
01-01-2015,S1F0S33G,0,117494640,32,0,6,11,173444,0,0,7
01-01-2015,S1F0S34C,0,27615232,0,1331,0,13,199569,0,0,34
01-01-2015,S1F0S34Q,0,211989544,64728,0,10,13,195735,8,8,0
01-01-2015,S1F0S351,0,229375968,0,0,0,8,247171,0,0,0
01-01-2015,S1F0S363,0,220638992,0,0,0,11,387198,0,0,0
01-01-2015,S1F0S382,0,200558600,0,0,0,13,243131,0,0,0
01-01-2015,S1F0S387,0,181732808,0,2,0,12,243175,0,0,34
01-01-2015,S1F0S3A3,0,148319888,0,0,0,6,191243,0,0,1
01-01-2015,S1F0S3CR,0,194400080,0,0,0,7,382323,0,0,0
01-01-2015,S1F0S3DF,0,92433864,0,0,0,8,190882,0,0,2
01-01-2015,S1F0S454,0,103009368,0,0,0,6,383967,0,0,0
01-01-2015,S1F0S49E,0,118734296,0,0,0,8,243546,0,0,0
01-01-2015,S1F0S4CA,0,237105944,712,0,69,12,187913,0,0,0
01-01-2015,S1F0S4EG,0,23890952,0,0,0,6,236710,0,0,0
01-01-2015,S1F0S4G4,0,141861104,0,0,0,7,192396,0,0,0
01-01-2015,S1F0S4GB,0,231317352,0,0,0,6,383380,0,0,0
01-01-2015,S1F0S4MG,0,183233752,0,0,0,13,239664,0,0,0
01-01-2015,S1F0S4QZ,0,99709176,0,0,0,7,331634,0,0,0
01-01-2015,S1F0S4T6,0,71165536,0,0,0,9,243531,0,0,0
01-01-2015,S1F0S4WV,0,145514928,0,0,0,10,193835,0,0,0
01-01-2015,S1F0S4Y9,0,182406472,0,0,76,10,184060,16,16,0
01-01-2015,S1F0S517,0,74907720,0,0,0,8,214914,0,0,0
01-01-2015,S1F0S52H,0,238757760,0,0,0,12,262049,0,0,0
01-01-2015,S1F0S537,0,57938952,0,0,0,8,246988,0,0,1
01-01-2015,S1F0S561,0,175443328,0,0,0,13,237580,0,0,0
01-01-2015,S1F0S57T,0,2412256,0,0,0,7,244766,0,0,0
01-01-2015,S1F0S58D,0,54499064,0,0,0,12,197975,0,0,0
01-01-2015,S1F0S5B2,0,45360768,0,0,0,8,296931,0,0,1
01-01-2015,S1F0S5CE,0,218357112,0,0,0,9,261980,0,0,0
01-01-2015,S1F0S5E9,0,34757536,0,0,0,14,243995,0,0,0
01-01-2015,S1F0S5F0,0,213196216,0,0,0,12,243638,0,0,0
01-01-2015,S1F0S5LP,0,3938344,0,21,6,8,246257,0,0,1
01-01-2015,S1F0S5NE,0,56204560,0,0,2,7,302247,0,0,0
01-01-2015,S1F0S5SR,0,157366080,0,0,6,7,211825,0,0,1
01-01-2015,S1F0S5VX,0,59159008,0,0,0,8,190810,0,0,1
01-01-2015,S1F0S5WJ,0,112948064,0,0,0,8,141568,0,0,3
01-01-2015,S1F0S5YZ,0,33686696,0,208,0,9,237000,0,0,25
01-01-2015,S1F0S613,0,9592272,0,0,0,9,193505,0,0,0
01-01-2015,S1F0S62V,0,192776152,0,0,0,8,385663,0,0,4
01-01-2015,S1F0S62Z,0,230440256,0,0,0,11,388823,0,0,1
01-01-2015,S1F0S63A,0,41210152,0,0,0,6,221993,0,0,233
01-01-2015,S1F0S649,0,99189504,0,0,0,11,243961,0,0,0
01-01-2015,S1F0S65X,0,96429872,0,0,0,8,243166,0,0,0
01-01-2015,S1F0S66R,0,183583176,0,0,0,13,237283,0,0,0
01-01-2015,S1F0S68M,0,205042496,0,0,0,11,199589,0,0,0
01-01-2015,S1F0S6AB,0,166668776,0,0,0,14,245002,0,0,0
01-01-2015,S1F0S6B7,0,55485032,0,0,0,11,192272,0,0,0
01-01-2015,S1F0S6EY,0,158719576,0,0,0,11,262163,0,0,8
01-01-2015,S1F0S6FZ,0,85625416,0,220,0,8,242787,0,0,24
01-01-2015,S1F0S6GZ,0,76974936,0,0,0,12,244034,0,0,0
01-01-2015,S1F0S6HH,0,239359712,0,0,0,8,296290,0,0,0
01-01-2015,S1F0S6L1,0,33848440,0,0,0,7,382888,0,0,0
01-01-2015,S1F0S6VR,0,129768968,0,0,0,7,236525,0,0,0
01-01-2015,S1F0S70T,0,110519536,0,0,0,9,244613,0,0,0
01-01-2015,S1F0S7B7,0,123240752,0,0,0,13,300779,0,0,0
01-01-2015,S1F0S7DN,0,96918904,0,0,0,8,297836,0,0,0
01-01-2015,S1F0SAB1,0,150400544,0,0,0,13,217076,0,0,0
01-01-2015,S1F0SAB3,0,92509456,0,0,0,9,190541,0,0,1
01-01-2015,S1F0SAC1,0,131848624,0,0,0,6,191688,0,0,2
01-01-2015,S1F0SBBW,0,22643312,0,0,0,10,190570,0,0,0
01-01-2015,S1F0SBCL,0,33718904,0,0,0,12,190251,0,0,0
01-01-2015,S1F0SBF5,0,162677928,0,0,0,6,200376,0,0,0
01-01-2015,S1F0SBHA,0,179106792,0,0,0,12,240857,0,0,1
01-01-2015,S1F0SBJA,0,181879600,0,0,0,11,241191,0,0,0
01-01-2015,S1F0SBLG,0,125204000,0,0,0,7,191935,0,0,0
01-01-2015,S1F0SBXC,0,63584856,0,0,0,17,219794,0,0,0
01-01-2015,S1F0SC17,0,77129528,0,0,0,12,215543,0,0,0
01-01-2015,S1F0SCHE,0,187728320,0,0,0,6,190935,0,0,3
01-01-2015,S1F0SCPM,0,49037456,0,0,0,7,196789,0,0,2
01-01-2015,S1F0SCT6,0,86604728,0,0,6,16,219685,0,0,0
01-01-2015,S1F0T1AC,0,159022840,7024,0,24,9,235981,0,0,0
01-01-2015,S1F0T1BB,0,52430088,0,0,0,8,300884,0,0,0
01-01-2015,S1F0T1K8,0,8786904,0,1,0,7,247591,0,0,7
01-01-2015,S1F0T22E,0,33551984,0,0,0,11,380986,0,0,0
01-01-2015,S1F0T24J,0,4781256,0,0,0,12,209721,0,0,0
01-01-2015,S1F0T29K,0,101404624,0,0,0,7,257710,0,0,0
01-01-2015,S1F0T2FN,0,141735040,0,0,0,8,244389,0,0,0
01-01-2015,S1F0T2LA,0,160992856,424,0,1,10,247498,0,0,0
01-01-2015,S1F0TBK9,0,184935888,0,0,0,13,246889,0,0,0
01-01-2015,S1F0TCGQ,0,160862040,0,0,0,8,234943,0,0,21
01-01-2015,S1F0TD9A,0,57089456,0,0,0,11,258849,0,0,0
01-01-2015,S1F0TKSC,0,211072752,0,0,0,8,383457,0,0,4
01-01-2015,S1F0TKW7,0,106913160,0,0,0,12,246431,0,0,0
01-01-2015,S1F0TMLM,0,232306168,0,0,0,9,382621,0,0,0
01-01-2015,S1F0TMRF,0,193818416,0,0,0,11,246088,0,0,0
01-01-2015,S1F0TN84,0,24408880,0,0,0,7,387765,0,0,0
01-01-2015,S1F0TNAB,0,215458768,0,0,0,9,381658,0,0,1
01-01-2015,S1F0TND9,0,136269808,0,0,0,7,389189,0,0,0
01-01-2015,S1F0TNNA,0,97601824,0,0,0,8,387806,0,0,0
01-01-2015,S1F0TNSA,0,135128104,0,0,0,11,245385,0,0,0
01-01-2015,S1F0TNW4,0,47212376,0,0,0,10,239884,0,0,0
01-01-2015,S1F0TNYF,0,136505896,0,0,0,9,380944,0,0,0
01-01-2015,S1F0TP5E,0,235271816,0,2693,0,10,264086,0,0,2522
01-01-2015,S1F0TP6E,0,239330064,0,1,0,7,304258,0,0,241
01-01-2015,S1F0TP75,0,91205960,0,0,0,10,194393,0,0,0
01-01-2015,S1F0TP82,0,195799720,0,0,0,8,239097,0,0,0
01-01-2015,S1F0TP8F,0,132854552,0,0,0,12,304223,0,0,8
01-01-2015,S1F0TPH4,0,2573832,0,0,0,13,201367,0,0,0
01-01-2015,S1F0TPJC,0,114457632,0,10,0,12,247207,0,0,42
01-01-2015,S1F0TPK1,0,24628096,0,0,0,11,190011,0,0,0
01-01-2015,S1F0TPMF,0,75398440,0,0,0,6,246840,0,0,0
01-01-2015,S1F0TPS0,0,70738208,0,0,0,5,386724,0,0,0
01-01-2015,S1F0TPYB,0,47855472,0,12,0,8,380544,0,0,4
01-01-2015,S1F0TQ7S,0,40359432,0,0,0,7,381883,0,0,0
01-01-2015,S1F0TQ9G,0,60578640,0,263,0,10,296813,0,0,263
01-01-2015,S1F0TQCF,0,227900448,0,0,6,7,382327,0,0,2
01-01-2015,S1F0TQCV,0,162065352,0,0,0,8,293733,0,0,1
01-01-2015,S1F0TQEJ,0,118203872,54896,0,73,6,381533,32,32,0
01-01-2015,S1F0TQJ4,0,93069096,0,0,0,8,240944,0,0,0
01-01-2015,S1F0TQLY,0,15850736,0,0,0,8,193450,0,0,6
01-01-2015,S1F0TQNP,0,178963976,0,0,0,7,245325,0,0,0
01-01-2015,S1F0TQP1,0,96581408,0,72,0,12,260926,0,0,1150
01-01-2015,S1F0TQQ1,0,2878712,0,0,0,12,256722,0,0,0
01-01-2015,S1F0TQR9,0,188919264,0,0,0,11,195554,0,0,0
01-01-2015,S1F0TQTF,0,40501256,0,0,0,12,242638,0,0,0
01-01-2015,S1F0TQTH,0,168277768,0,0,0,9,381853,0,0,0
01-01-2015,S1F0VE11,0,103694496,0,0,0,10,192581,0,0,0
01-01-2015,S1F0VE35,0,187588664,0,0,0,8,246882,0,0,0
01-01-2015,S1F0W45F,0,1138872,0,0,0,9,395979,0,0,1
01-01-2015,S1F0WWHD,0,181479280,0,0,0,7,200170,0,0,0
01-01-2015,S1F0X4RC,0,128123728,0,0,0,11,186573,0,0,0
01-01-2015,S1F0XMNV,0,213632376,0,0,0,7,25,0,0,0
01-01-2015,S1F0Y4H6,0,101803088,0,0,0,5,202286,0,0,0
01-01-2015,S1F0Y6BM,0,83218880,0,0,0,8,186303,0,0,0
01-01-2015,S1F0Y8MA,0,154007800,0,0,0,8,184631,0,0,0
01-01-2015,S1F0YX6Z,0,55443312,0,0,0,8,186028,0,0,1
01-01-2015,S1F100R5,0,30631360,0,0,0,7,228953,0,0,0
01-01-2015,S1F101MC,0,71305576,0,0,0,10,199310,0,0,6
01-01-2015,S1F101SP,0,169545904,0,0,0,8,199021,0,0,0
01-01-2015,S1F1021H,0,175144544,0,0,0,11,225234,0,0,0
01-01-2015,S1F102L8,0,78014208,0,0,0,6,176474,0,0,0
01-01-2015,S1F1073Z,0,4461552,0,0,0,24,234483,0,0,0
01-01-2015,S1F10AS0,0,56352656,0,0,0,10,408573,0,0,0
01-01-2015,S1F10BNL,0,21102896,0,0,0,14,315465,0,0,0
01-01-2015,S1F10BRH,0,141363512,0,0,0,10,198974,0,0,0
01-01-2015,S1F10D0P,0,108664112,0,0,0,9,404299,0,0,0
01-01-2015,S1F10E6M,0,210550904,1080,0,0,7,202433,0,0,0
01-01-2015,S1F10EBC,0,6930600,0,0,0,7,199536,0,0,0
01-01-2015,S1F10FDX,0,80871264,0,0,0,11,200173,0,0,6
01-01-2015,S1F10FF0,0,183223080,0,0,0,8,221181,0,0,1
01-01-2015,S1F10FFZ,0,96811064,0,0,0,8,273108,0,0,0
01-01-2015,S1F10FZB,0,140213216,0,0,0,16,318008,0,0,0
01-01-2015,S1F10GDQ,0,46683120,0,0,6,7,198518,0,0,0
01-01-2015,S1F10GSG,0,35488968,0,0,0,9,200930,0,0,0
01-01-2015,S1F10HH5,0,135848152,0,0,0,9,398210,0,0,0
01-01-2015,S1F10JL3,0,41328776,0,0,0,24,234308,0,0,0
01-01-2015,S1F10NDB,0,177762928,0,0,0,8,198575,0,0,0
01-01-2015,S1F10NM6,0,200844920,0,0,0,14,319699,0,0,0
01-01-2015,S1F10P0S,0,195673072,0,0,0,7,398312,0,0,0
01-01-2015,S1F10PED,0,206283000,0,0,0,5,184968,0,0,0
01-01-2015,S1F10QDG,0,165588464,0,0,0,5,209667,0,0,0
01-01-2015,S1F10QG6,0,125055248,0,0,0,6,200413,0,0,0
01-01-2015,S1F10QH3,0,123353744,0,0,0,6,224446,0,0,0
01-01-2015,S1F10QL8,0,235508256,0,0,0,6,185579,0,0,0
01-01-2015,S1F10RKC,0,184182360,0,0,0,12,229518,0,0,0
01-01-2015,S1F10RWZ,0,78297280,0,0,0,11,227267,0,0,0
01-01-2015,S1F10V1N,0,52759440,0,0,0,10,401346,0,0,0
01-01-2015,S1F10VJH,0,234023168,0,0,0,11,217694,0,0,0
01-01-2015,S1F10VP8,0,111251480,0,12,0,25,197713,0,0,0
01-01-2015,S1F114QM,0,174378984,0,0,0,9,402662,0,0,0
01-01-2015,S1F114QR,0,22815136,0,0,0,9,262030,0,0,0
01-01-2015,S1F115Z6,0,203855584,0,0,0,11,235921,0,0,0
01-01-2015,S1F1162D,0,137321584,0,0,0,7,221864,0,0,0
01-01-2015,S1F116H4,0,42447176,0,0,0,9,200468,0,0,0
01-01-2015,S1F116J4,0,67698336,0,0,0,18,317731,0,0,0
01-01-2015,S1F117PK,0,130685952,0,0,0,12,197739,0,0,0
01-01-2015,S1F118JP,0,61260736,0,0,0,7,184770,0,0,0
01-01-2015,S1F119X9,0,66121272,0,0,0,8,272553,0,0,0
01-01-2015,S1F11A9R,0,151617168,0,0,0,23,226866,0,0,0
01-01-2015,S1F11AK8,0,220954848,0,0,0,11,228808,0,0,0
01-01-2015,S1F11AXR,0,90950360,0,0,0,11,202251,0,0,0
01-01-2015,S1F11B1E,0,72570896,0,0,0,11,218812,0,0,0
01-01-2015,S1F11C16,0,48121056,0,0,0,8,207349,0,0,0
01-01-2015,S1F11CJC,0,113246064,0,0,0,13,226962,0,0,0
01-01-2015,S1F11DBJ,0,182116904,0,0,0,12,229203,0,0,0
01-01-2015,S1F11ETS,0,36149400,0,0,0,11,200035,0,0,0
01-01-2015,S1F11G2C,0,75430408,0,0,0,16,313060,0,0,0
01-01-2015,S1F11GG5,0,83472072,0,0,0,7,203446,0,0,0
01-01-2015,S1F11K34,0,102223184,0,0,0,14,315843,0,0,0
01-01-2015,S1F11KAY,0,32395064,0,0,10,5,201558,0,0,0
01-01-2015,S1F11KQW,0,238145448,0,0,0,6,201059,0,0,0
01-01-2015,S1F11L11,0,20470472,0,0,0,9,405623,0,0,0
01-01-2015,S1F11MB0,0,173113976,0,0,0,5,198441,0,0,0
01-01-2015,S1F11MT9,0,152128288,0,0,0,6,203233,0,0,0
01-01-2015,S1F11S2Q,0,168506736,0,0,0,7,200752,0,0,0
01-01-2015,S1F11S5B,0,208086480,0,0,0,11,184528,0,0,0
01-01-2015,S1F11WEH,0,2364136,0,0,0,8,203497,0,0,0
01-01-2015,S1F11XDA,0,7511752,0,0,0,10,185305,0,0,0
01-01-2015,S1F11Y4K,0,229743248,0,0,0,14,306660,0,0,0
01-01-2015,S1F11YHR,0,142337320,0,0,0,7,203790,0,0,0
01-01-2015,S1F121LH,0,113768512,0,0,0,9,185068,0,0,0
01-01-2015,S1F122HQ,0,9763400,0,0,0,11,185827,0,0,1
01-01-2015,S1F122KD,0,150657008,0,0,0,8,220689,0,0,0
01-01-2015,S1F12788,0,144712560,0,0,0,11,187809,0,0,0
01-01-2015,S1F12XGM,0,38123936,0,0,0,8,231170,0,0,1
01-01-2015,S1F12XJ4,0,140892928,0,0,0,14,218732,0,0,0
01-01-2015,S1F12Y53,0,101633592,2336,0,0,8,180700,0,0,0
01-01-2015,S1F12ZAS,0,208105408,0,0,0,10,222202,0,0,0
01-01-2015,S1F12ZQB,0,9472,0,0,0,12,233415,0,0,0
01-01-2015,S1F12ZQN,0,71553712,0,0,0,7,200504,0,0,0
01-01-2015,S1F12ZRR,0,54680184,0,0,0,8,229384,0,0,0
01-01-2015,S1F12ZSD,0,113286728,0,0,0,13,218413,0,0,0
01-01-2015,S1F12ZZ2,0,117585616,0,0,0,11,228824,0,0,0
01-01-2015,S1F130GX,0,123741680,0,0,0,11,227544,0,0,0
01-01-2015,S1F130JB,0,73536520,0,0,0,9,185451,0,0,0
01-01-2015,S1F1318D,0,242855920,4960,0,0,13,89384,0,0,0
01-01-2015,S1F131F6,0,169715224,0,0,0,8,208680,0,0,0
01-01-2015,S1F1327G,0,109711784,0,0,0,11,282440,0,0,0
01-01-2015,S1F132A5,0,171067632,0,0,0,11,225862,0,0,0
01-01-2015,S1F133YJ,0,176283696,0,0,0,13,226602,0,0,0
01-01-2015,S1F13432,0,170004224,0,0,0,8,210925,0,0,0
01-01-2015,S1F134QM,0,179599408,0,0,0,12,228506,0,0,2
01-01-2015,S1F13589,0,145311040,0,0,0,16,309879,0,0,0
01-01-2015,S1F1358N,0,57006824,0,0,0,24,225238,0,0,0
01-01-2015,S1F1359T,0,200827536,0,0,0,9,403835,0,0,0
01-01-2015,S1F135BR,0,18735096,0,100,0,16,316760,0,0,24
01-01-2015,S1F135CE,0,156197488,0,0,0,11,400852,0,0,0
01-01-2015,S1F135D3,0,90132896,0,0,0,12,228030,0,0,0
01-01-2015,S1F135DG,0,141314680,0,0,0,11,197349,0,0,3
01-01-2015,S1F135DN,0,154007872,0,0,0,10,403799,0,0,0
01-01-2015,S1F135F0,0,182236760,0,0,0,9,237878,0,0,0
01-01-2015,S1F135F2,0,176680576,0,0,0,7,198647,0,0,0
01-01-2015,S1F135F3,0,192659464,0,0,0,14,317017,0,0,0
01-01-2015,S1F135GA,0,52547800,0,0,0,8,184931,0,0,0
01-01-2015,S1F135QH,0,137261088,0,0,0,13,403935,0,0,0
01-01-2015,S1F135SZ,0,48366144,0,0,0,9,208537,0,0,0
01-01-2015,S1F135TN,0,154805608,0,0,0,14,307061,0,0,0
01-01-2015,S1F135WP,0,86245976,0,0,0,11,187093,0,0,0
01-01-2015,S1F1360P,0,59012152,0,0,0,13,228280,0,0,0
01-01-2015,S1F1360W,0,204867520,0,0,0,10,396071,0,0,0
01-01-2015,S1F13619,0,199170368,0,0,0,9,183400,0,0,0
01-01-2015,S1F13635,0,68491456,0,0,0,24,235056,0,0,0
01-01-2015,S1F1364P,0,127052392,0,0,0,12,218872,0,0,0
01-01-2015,S1F1365W,0,84456432,0,0,0,11,185393,0,0,0
01-01-2015,S1F1368E,0,197543936,0,0,0,9,399177,0,0,1
01-01-2015,S1F13699,0,243887072,0,0,0,7,199996,0,0,0
01-01-2015,S1F136A5,0,126980544,0,0,0,12,185790,0,0,0
01-01-2015,S1F136BS,0,116560184,0,0,0,9,200333,0,0,0
01-01-2015,S1F136FG,0,13375616,0,0,0,12,223114,0,0,0
01-01-2015,S1F136J0,0,229928576,0,0,25,16,312312,0,0,0
01-01-2015,S1F136JY,0,116161744,0,0,0,9,274375,0,0,1
01-01-2015,S1F136KG,0,64241192,0,0,0,11,233959,0,0,0
01-01-2015,S1F136KJ,0,181551568,0,0,6,11,194026,0,0,0
01-01-2015,S1F13B32,0,198748808,0,0,0,24,225791,0,0,0
01-01-2015,S1F13BQX,0,206384544,0,0,0,9,282242,0,0,0
01-01-2015,S1F13BTN,0,76084592,0,0,0,7,203839,0,0,0
01-01-2015,S1F13CBB,0,69591968,0,0,0,24,225792,0,0,0
01-01-2015,S1F13CMG,0,13085480,0,0,0,8,191581,0,0,1
01-01-2015,S1F13GPY,0,155559768,0,0,0,16,307938,0,0,0
01-01-2015,S1F13H80,0,85019344,0,0,0,9,199199,0,0,3
01-01-2015,S1F13HPP,0,108895096,0,0,0,10,199241,0,0,2
01-01-2015,S1F13HPR,0,49263816,0,0,0,8,183675,0,0,0
01-01-2015,S1F13HWA,0,169064136,0,0,0,13,226445,0,0,0
01-01-2015,S1F13JW4,0,165467440,0,0,0,8,178763,0,0,0
01-01-2015,S1F13K7S,0,33789800,0,0,0,9,198365,0,0,0
01-01-2015,S1F13K8E,0,203653672,0,0,0,12,198536,0,0,0
01-01-2015,S1F13KBJ,0,211957760,0,0,0,12,229423,0,0,0
01-01-2015,S1F13KBZ,0,145244576,0,0,0,11,198903,0,0,0
01-01-2015,S1F13KC2,0,152307176,0,0,0,10,399656,0,0,0
01-01-2015,S1F13KF6,0,224549048,0,0,0,9,200334,0,0,0
01-01-2015,S1F13KG3,0,236174112,0,0,0,12,230095,0,0,0
01-01-2015,S1F13KNV,0,125480768,0,0,0,9,201195,0,0,0
01-01-2015,S1F13KZK,0,199426888,0,0,0,10,372072,0,0,0
01-01-2015,S1F13M9A,0,60105352,0,0,0,25,226777,0,0,0
01-01-2015,S1F13MAM,0,169058096,0,0,0,8,221430,0,0,0
01-01-2015,W1F00CL9,0,63669880,0,0,5,16,289248,0,0,0
01-01-2015,W1F034ZE,0,213031608,0,0,13,7,388997,0,0,0
01-01-2015,W1F03CRZ,0,186038392,0,0,6,9,394987,0,0,3
01-01-2015,W1F03D4L,0,50157120,0,0,0,14,321216,0,0,5
01-01-2015,W1F03DP4,0,183879552,0,8,1,14,316310,0,0,1080
01-01-2015,W1F03E8C,0,70775040,0,0,0,9,403783,0,0,0
01-01-2015,W1F03Y44,0,149857608,0,0,0,4,359997,0,0,0
01-01-2015,W1F05X69,0,241237720,0,0,0,2,195363,0,0,0
01-01-2015,W1F06QVP,0,137450888,0,0,0,8,300669,0,0,0
01-01-2015,W1F06RAW,0,229332288,0,0,0,2,465170,0,0,3
01-01-2015,W1F07EWB,0,152703072,0,0,0,16,202035,0,0,1
01-01-2015,W1F08B0G,0,155280136,0,0,0,13,246820,0,0,0
01-01-2015,W1F08EDA,0,91475480,0,2,0,25,554250,0,0,0
01-01-2015,W1F08J1G,0,145392376,0,12,6,7,411357,0,0,269
01-01-2015,W1F08KX5,0,92424136,0,377,0,7,392494,0,0,222
01-01-2015,W1F08KZW,0,176558624,0,0,0,4,379505,0,0,0
01-01-2015,W1F08PYR,0,60433864,5560,0,51,10,391891,48,48,0
01-01-2015,W1F08RHG,0,166274320,0,0,0,25,664245,0,0,0
01-01-2015,W1F095DW,0,185178960,0,0,0,7,399299,0,0,3
01-01-2015,W1F097FV,0,207723240,0,0,0,6,374013,0,0,0
01-01-2015,W1F09H4J,0,195704528,0,0,0,7,403661,0,0,1
01-01-2015,W1F09HBX,0,99173712,0,0,6,7,384127,0,0,0
01-01-2015,W1F09WLS,0,61606144,992,11,2,4,358515,0,0,70
01-01-2015,W1F0A27Q,0,46668536,0,0,0,7,394231,0,0,0
01-01-2015,W1F0AQ9Q,0,168192472,0,1,5,3,400724,0,0,0
01-01-2015,W1F0AQDE,0,29618352,0,0,0,7,391792,0,0,4
01-01-2015,W1F0AQGD,0,160716760,0,0,6,7,400512,0,0,0
01-01-2015,W1F0BJ6E,0,200497824,0,0,6,4,324107,8,8,1
01-01-2015,W1F0DXT8,0,202965792,0,0,0,5,316499,0,0,0
01-01-2015,W1F0ED5X,0,24673016,112,0,0,4,338435,0,0,0
01-01-2015,W1F0F65G,0,1166808,0,0,0,9,219479,0,0,1
01-01-2015,W1F0F6BN,0,113361680,0,0,0,12,225194,0,0,0
01-01-2015,W1F0FEH7,0,91444696,0,0,0,9,200436,0,0,0
01-01-2015,W1F0FKWW,0,86155208,0,0,0,13,190613,0,0,0
01-01-2015,W1F0FML1,0,241033912,0,0,0,10,218564,0,0,22
01-01-2015,W1F0FW0S,0,196878448,0,0,17,64,185793,0,0,2
01-01-2015,W1F0FY92,0,46780840,0,1,6,12,198418,0,0,0
01-01-2015,W1F0FYLJ,0,145705544,0,4,0,98,219662,0,0,20
01-01-2015,W1F0FZPA,0,101109064,0,0,0,12,196842,0,0,0
01-01-2015,W1F0G0NT,0,123327560,0,0,0,5,193394,0,0,1
01-01-2015,W1F0G99N,0,242140232,0,0,0,22,194765,0,0,0
01-01-2015,W1F0G9T7,0,231611456,0,0,0,10,200470,0,0,1
01-01-2015,W1F0GCAZ,0,169297248,0,0,0,9,198690,0,0,0
01-01-2015,W1F0GPGR,0,40353600,0,0,0,21,168788,0,0,0
01-01-2015,W1F0H973,0,140721192,0,8,0,58,220196,0,0,2
01-01-2015,W1F0H9RN,0,29461000,0,0,0,5,206069,8,8,0
01-01-2015,W1F0HJWZ,0,18424912,0,0,0,63,219262,0,0,0
01-01-2015,W1F0HNC5,0,50765192,0,0,0,59,219261,0,0,1
01-01-2015,W1F0HPZK,0,5478480,0,0,0,7,281808,0,0,0
01-01-2015,W1F0HR3T,0,55433040,0,0,0,22,194653,0,0,0
01-01-2015,W1F0HSKB,0,133373552,0,0,0,16,201548,0,0,4
01-01-2015,W1F0HT26,0,228781608,0,0,0,35,244351,0,0,0
01-01-2015,W1F0HTQ2,0,166048112,0,0,0,13,282869,0,0,0
01-01-2015,W1F0HYT8,0,127899984,0,0,0,15,190680,0,0,0
01-01-2015,W1F0J7W7,0,106375448,0,62,0,95,224163,0,0,145
01-01-2015,W1F0J9KM,0,59523760,0,0,0,9,256249,0,0,0
01-01-2015,W1F0JA75,0,203707888,0,0,0,9,200926,0,0,2
01-01-2015,W1F0JA9T,0,186704136,0,0,0,8,191127,0,0,0
01-01-2015,W1F0JAZB,0,79747352,72,0,6,6,204429,8,8,2
01-01-2015,W1F0JAZC,0,11625504,0,0,0,9,280108,0,0,0
01-01-2015,W1F0JEB8,0,67923280,0,0,0,10,284628,0,0,0
01-01-2015,W1F0JH87,0,235599120,0,1,0,8,200220,0,0,0
01-01-2015,W1F0JHRJ,0,197245280,0,0,0,11,287093,0,0,0
01-01-2015,W1F0JXDL,0,233729960,16,0,0,7,198059,0,0,0
01-01-2015,W1F0JY02,0,45664136,0,0,0,5,195823,0,0,0
01-01-2015,W1F0K9C1,0,125168000,0,0,0,11,285926,0,0,0
01-01-2015,W1F0KAX2,0,37837056,0,0,0,7,278135,0,0,0
01-01-2015,W1F0KCN8,0,162193888,0,0,0,6,293843,0,0,1
01-01-2015,W1F0KCP2,0,88242808,0,0,0,6,280860,0,0,0
01-01-2015,W1F0KCR5,0,4566464,0,0,0,8,190855,0,0,0
01-01-2015,W1F0KCZ0,0,150045152,0,0,0,6,206399,0,0,0
01-01-2015,W1F0KD20,0,25348496,0,0,0,17,217828,0,0,0
01-01-2015,W1F0KD2K,0,16585848,0,0,0,6,205019,0,0,1
01-01-2015,W1F0KD36,0,100908496,0,0,0,11,190197,0,0,0
01-01-2015,W1F0KD3Y,0,150987232,0,0,0,11,449717,0,0,0
01-01-2015,W1F0KD47,0,123419128,360,0,0,6,200330,0,0,1
01-01-2015,W1F0KDDQ,0,128215776,0,0,0,7,205468,0,0,1
01-01-2015,W1F0KG97,0,9334216,0,0,0,68,223385,0,0,0
01-01-2015,W1F0KHHQ,0,138966296,0,0,0,11,285220,0,0,4
01-01-2015,W1F0KJMC,0,98465816,0,0,0,7,206074,0,0,0
01-01-2015,W1F0KRWP,0,25243032,0,0,0,7,290275,0,0,10
01-01-2015,W1F0L2LC,0,188651040,0,0,0,29,248043,0,0,3
01-01-2015,W1F0L2Q7,0,102324240,0,0,0,61,217077,0,0,0
01-01-2015,W1F0L66L,0,89858840,0,0,6,6,170884,0,0,0
01-01-2015,W1F0L6ZS,0,208176424,0,0,0,32,246180,0,0,1
01-01-2015,W1F0LBD3,0,213426104,0,0,0,5,189387,0,0,0
01-01-2015,W1F0LS71,0,115686192,0,0,0,8,280061,0,0,0
01-01-2015,W1F0LSFS,0,178435976,0,0,0,6,192722,0,0,0
01-01-2015,W1F0LYBN,0,123664400,0,0,0,6,206073,0,0,0
01-01-2015,W1F0LYY0,0,55494896,0,0,0,5,233434,0,0,0
01-01-2015,W1F0LZFB,0,210021816,0,0,6,9,189668,0,0,0
01-01-2015,W1F0LZJX,0,7253976,0,0,0,13,444557,0,0,0
01-01-2015,W1F0M02P,0,64291960,0,1,6,9,450496,0,0,33
01-01-2015,W1F0M330,0,73898592,0,0,0,11,450798,0,0,0
01-01-2015,W1F0M35B,0,1765736,0,0,0,7,242030,0,0,0
01-01-2015,W1F0M46R,0,208150640,0,0,0,14,287216,0,0,0
01-01-2015,W1F0M492,0,93335304,0,0,0,8,191176,0,0,0
01-01-2015,W1F0M4BZ,0,73768200,0,0,0,8,294455,0,0,7
01-01-2015,W1F0M6Y0,0,242532488,0,25,0,4,448908,0,0,400
01-01-2015,W1F0MNDQ,0,193505144,0,0,0,6,190439,0,0,0
01-01-2015,W1F0MW4S,0,163185568,0,0,0,8,185384,0,0,0
01-01-2015,W1F0MZRT,0,215652096,0,0,6,11,247388,0,0,2
01-01-2015,W1F0N0DC,0,149636888,0,0,0,16,219961,0,0,0
01-01-2015,W1F0N84F,0,123236336,0,0,0,5,248735,0,0,0
01-01-2015,W1F0NB60,0,4502688,0,0,0,11,191880,0,0,0
01-01-2015,W1F0NBYN,0,128693200,792,0,8,6,186109,0,0,0
01-01-2015,W1F0NF1S,0,177003496,0,0,0,11,280208,0,0,0
01-01-2015,W1F0NNAH,0,130853120,0,0,15,10,129963,0,0,0
01-01-2015,W1F0NZSK,0,28754712,0,0,0,35,247286,0,0,2
01-01-2015,W1F0NZZZ,0,27479328,0,0,0,33,249181,0,0,0
01-01-2015,W1F0P114,0,59684104,0,0,6,35,248464,0,0,0
01-01-2015,W1F0P133,0,88663720,0,0,0,37,216273,0,0,0
01-01-2015,W1F0P24E,0,5236712,0,0,2,33,216245,0,0,0
01-01-2015,W1F0P2M4,0,54830624,0,0,0,20,194277,0,0,0
01-01-2015,W1F0P2TN,0,31814680,0,0,0,12,283964,0,0,0
01-01-2015,W1F0P33Z,0,4091240,0,0,0,14,193961,0,0,0
01-01-2015,W1F0P37T,0,36774752,0,0,0,35,246660,0,0,1
01-01-2015,W1F0P3FR,0,167275352,0,0,0,12,271931,0,0,1
01-01-2015,W1F0P41T,0,221761312,0,0,0,32,247986,0,0,0
01-01-2015,W1F0P49T,0,108745624,0,0,0,10,281940,0,0,0
01-01-2015,W1F0P6E1,0,134806248,0,0,0,36,246250,0,0,0
01-01-2015,W1F0PAXH,0,41481448,0,0,0,14,302283,0,0,0
01-01-2015,W1F0PNA5,0,185403491,64776,0,26,30,224801,8,8,0
01-01-2015,W1F0Q8FH,0,208576224,0,0,2,40,218859,0,0,10
01-01-2015,W1F0QE96,0,88542560,0,0,0,5,215433,0,0,0
01-01-2015,W1F0QKJP,0,180819432,0,0,0,6,172697,0,0,0
01-01-2015,W1F0QTJM,0,179059296,0,0,31,8,193845,0,0,0
01-01-2015,W1F0R731,0,213430168,0,0,0,31,247273,0,0,2
01-01-2015,W1F0R8W2,0,83173304,0,0,0,12,284415,0,0,0
01-01-2015,W1F0RN8N,0,77573944,0,0,0,14,195653,0,0,0
01-01-2015,W1F0RXV0,0,187201168,0,0,0,20,195571,0,0,0
01-01-2015,W1F0S9SP,0,103406336,0,0,0,36,247388,0,0,0
01-01-2015,W1F0SCL1,0,216424008,0,0,0,6,279771,0,0,0
01-01-2015,W1F0SFJJ,0,12639488,4768,0,0,10,185946,0,0,0
01-01-2015,W1F0SGHR,0,162973840,0,0,0,35,250438,0,0,0
01-01-2015,W1F0SJJ2,0,164095168,0,0,0,9,200800,0,0,0
01-01-2015,W1F0SJNS,0,84680776,0,1,0,30,249417,0,0,1
01-01-2015,W1F0SNW3,0,149497936,0,0,0,11,286134,0,0,0
01-01-2015,W1F0SRG1,0,115192632,0,0,0,32,249669,0,0,2
01-01-2015,W1F0SRNZ,0,15096496,0,0,0,13,202217,0,0,0
01-01-2015,W1F0SVA7,0,105646616,0,0,26,14,194801,0,0,0
01-01-2015,W1F0SWST,0,138593368,0,0,0,13,217902,0,0,0
01-01-2015,W1F0SWXK,0,176631856,0,0,6,17,220539,0,0,0
01-01-2015,W1F0T034,0,78748536,944,0,0,10,286540,0,0,0
01-01-2015,W1F0T074,0,38676456,600,0,10,33,241617,0,0,0
01-01-2015,W1F0T0B1,0,188705712,0,0,0,7,201053,0,0,0
01-01-2015,W1F0T13Q,0,95200320,0,0,0,30,247476,0,0,1
01-01-2015,W1F0T371,0,236841032,0,0,0,8,288036,0,0,0
01-01-2015,W1F0T3AJ,0,38699120,0,0,0,9,287815,0,0,2
01-01-2015,W1F0T3H5,0,112724984,0,0,0,7,192870,0,0,0
01-01-2015,W1F0T3LK,0,76335720,0,0,34,30,249618,0,0,0
01-01-2015,W1F0T474,0,155139184,0,0,0,11,297941,0,0,0
01-01-2015,W1F0T960,0,182057832,0,0,0,37,250749,0,0,3
01-01-2015,W1F0TA59,0,20594272,112,0,0,36,246392,0,0,0
01-01-2015,W1F0TAEP,0,190372704,0,0,0,33,247177,0,0,0
01-01-2015,W1F0TATM,0,139147720,0,0,6,31,204249,0,0,0
01-01-2015,W1F0TCG0,0,54184680,0,0,0,13,243626,0,0,0
01-01-2015,W1F0TGSS,0,94259680,0,0,0,12,281297,0,0,0
01-01-2015,W1F0THAD,0,166546952,0,0,0,5,233087,0,0,0
01-01-2015,W1F0THPN,0,36825208,0,0,0,21,193837,0,0,0
01-01-2015,W1F0TJ66,0,15179720,0,0,0,90,220053,0,0,0
01-01-2015,W1F0TK8P,0,144224632,0,0,0,9,197232,0,0,0
01-01-2015,W1F0TQEE,0,147997976,0,0,0,7,262449,0,0,120
01-01-2015,W1F0TXKY,0,30414760,0,0,0,10,192125,0,0,0
01-01-2015,W1F0TYQ9,0,179057664,0,0,0,7,237888,0,0,0
01-01-2015,W1F0V8CY,0,55593160,0,0,0,19,202572,0,0,0
01-01-2015,W1F0VA0G,0,236879112,0,56,0,12,287852,0,0,0
01-01-2015,W1F0VAS7,0,29906184,0,0,0,4,285128,0,0,4
01-01-2015,W1F0VC83,0,36854256,0,0,0,9,284348,0,0,2
01-01-2015,W1F0VDH2,0,202417864,0,0,0,35,246716,0,0,0
01-01-2015,W1F0VDS7,0,52298320,0,0,0,15,196769,0,0,0
01-01-2015,W1F0VF0M,0,85479624,0,11,0,13,202762,0,0,6
01-01-2015,W1F0VFRE,0,239456296,0,0,0,12,286179,0,0,0
01-01-2015,W1F0VJT2,0,105079944,0,0,0,12,190838,0,0,1
01-01-2015,W1F0VJXT,0,116116288,0,0,0,12,189947,0,0,0
01-01-2015,W1F0VKTT,0,96804152,0,5,0,9,186170,0,0,0
01-01-2015,W1F0VKVH,0,170907544,6328,0,7,10,187787,0,0,0
01-01-2015,W1F0VL4Q,0,99755832,0,0,0,7,216969,0,0,0
01-01-2015,W1F0VL6W,0,166176048,0,0,0,7,214224,0,0,2
01-01-2015,W1F0VL7M,0,142481520,0,0,0,12,243636,0,0,0
01-01-2015,W1F0VL9X,0,114118312,0,0,0,7,194209,0,0,0
01-01-2015,W1F0VNT7,0,99220624,0,0,0,14,317217,0,0,0
01-01-2015,W1F0VVMM,0,174052456,0,0,0,11,192031,0,0,0
01-01-2015,W1F0VZF4,0,229341912,0,0,0,8,193496,0,0,0
01-01-2015,W1F0VZFH,0,127246992,0,0,2,10,361249,0,0,9
01-01-2015,W1F0W0RV,0,129791344,0,0,0,8,166682,0,0,0
01-01-2015,W1F0W1R9,0,90463784,0,0,0,8,303756,0,0,0
01-01-2015,W1F0W220,0,30932488,0,0,0,13,237409,0,0,0
01-01-2015,W1F0W2BX,0,2697888,0,0,0,3,202343,0,0,0
01-01-2015,W1F0W2DH,0,44362048,160,0,0,6,384671,0,0,0
01-01-2015,W1F0W3GE,0,115738944,0,0,0,8,239420,0,0,0
01-01-2015,W1F0W5AQ,0,110247384,1064,0,38,13,185983,0,0,0
01-01-2015,W1F0W5XL,0,37260216,0,0,1,6,215476,0,0,3
01-01-2015,W1F0W63P,0,103963784,0,0,6,6,216406,0,0,0
01-01-2015,W1F0W685,0,34912488,0,0,0,10,201579,0,0,0
01-01-2015,W1F0W6QD,0,23766320,0,0,0,7,194188,0,0,4
01-01-2015,W1F0W8BD,0,226894384,1552,0,0,12,186506,0,0,0
01-01-2015,W1F0W9SR,0,22987328,0,0,0,12,245819,0,0,0
01-01-2015,W1F0WBTM,0,108442392,0,2,0,12,237491,0,0,41
01-01-2015,W1F0WJFT,0,193938760,0,0,0,9,217819,0,0,1
01-01-2015,W1F0WJHE,0,25032720,6264,0,0,13,185326,0,0,0
01-01-2015,W1F0WK71,0,53828000,0,0,0,6,241261,0,0,0
01-01-2015,W1F0WKE1,0,169323192,0,0,0,8,296791,0,0,0
01-01-2015,W1F0WKLP,0,212066328,0,0,0,6,196564,0,0,0
01-01-2015,W1F0WKMJ,0,142032928,0,34,0,6,240309,0,0,8
01-01-2015,W1F0WLZP,0,196112264,0,0,0,12,243920,0,0,0
01-01-2015,W1F0WMPM,0,176230480,0,0,0,6,194794,0,0,0
01-01-2015,W1F0WN8P,0,218331848,0,0,0,7,191519,0,0,0
01-01-2015,W1F0WRX5,0,196837352,0,0,0,10,219605,0,0,7
01-01-2015,W1F0WW7E,0,78556416,0,0,0,13,190342,0,0,0
01-01-2015,W1F0WZ0P,0,226982064,0,0,0,11,197300,0,0,0
01-01-2015,W1F0X3H8,0,197766920,0,0,0,6,244734,0,0,0
01-01-2015,W1F0X3MJ,0,181785960,0,0,0,11,213691,0,0,0
01-01-2015,W1F0X3PH,0,208528880,0,0,0,7,190223,0,0,1
01-01-2015,W1F0X3PR,0,226827456,0,0,0,6,221304,0,0,0
01-01-2015,W1F0X3ZX,0,100067568,0,0,0,6,220329,0,0,1
01-01-2015,W1F0X44B,0,155604320,0,0,0,8,202212,0,0,0
01-01-2015,W1F0X47B,0,135597248,0,0,0,9,197460,0,0,0
01-01-2015,W1F0X47W,0,190203784,0,0,0,12,220186,0,0,0
01-01-2015,W1F0X4AK,0,19847352,440,0,0,6,200028,0,0,1
01-01-2015,W1F0X4CX,0,161946400,4072,0,0,13,188573,0,0,0
01-01-2015,W1F0X4F6,0,63732264,0,0,0,12,222969,0,0,0
01-01-2015,W1F0X4FC,0,37792288,0,0,0,7,219303,0,0,0
01-01-2015,W1F0X4TS,0,122177208,4240,0,16,11,135966,0,0,0
01-01-2015,W1F0X4VZ,0,24214144,0,0,0,13,244150,0,0,0
01-01-2015,W1F0X4ZX,0,191763984,0,0,0,13,296288,0,0,0
01-01-2015,W1F0X5GW,0,129164320,0,1,0,8,243940,0,0,7
01-01-2015,W1F0X5HV,0,13780944,0,0,0,15,217565,0,0,0
01-01-2015,W1F0X5J5,0,126447040,0,0,0,5,191336,0,0,0
01-01-2015,W1F0X5JF,0,56991888,0,0,0,6,199318,0,0,1
01-01-2015,W1F0X5JV,0,217280160,0,0,0,7,186975,0,0,1
01-01-2015,W1F0X5KA,0,214266384,0,0,0,13,217561,0,0,0
01-01-2015,W1F0X5KT,0,108596032,0,0,0,11,190842,0,0,1
01-01-2015,W1F0X5KX,0,205623488,0,0,0,8,166278,0,0,0
01-01-2015,W1F0X5L3,0,186610208,0,0,0,6,385764,0,0,0
01-01-2015,W1F0X5L8,0,227213792,0,0,0,11,221429,0,0,0
01-01-2015,W1F0X5N2,0,73820080,0,0,0,5,190964,0,0,0
01-01-2015,W1F0X5TL,0,0,0,0,0,12,214817,0,0,0
01-01-2015,W1F0X5VA,0,25795496,0,0,0,16,218284,0,0,0
01-01-2015,W1F0X60T,0,174533488,0,0,0,9,218765,0,0,0
01-01-2015,W1F0X6CF,0,184145040,0,0,0,6,241908,0,0,0
01-01-2015,W1F0X6HZ,0,30720400,0,0,0,10,190662,0,0,0
01-01-2015,W1F0X6KZ,0,13494176,0,0,0,9,196804,0,0,0
01-01-2015,W1F0X6SQ,0,9556952,0,0,0,11,216283,0,0,0
01-01-2015,W1F0X6TM,0,214650840,0,0,0,7,198541,0,0,5
01-01-2015,W1F0X6V0,0,175031320,0,0,0,11,213515,0,0,0
01-01-2015,W1F0X6VJ,0,141941680,0,0,0,7,216944,0,0,0
01-01-2015,W1F0X70N,0,165583552,0,0,0,13,186288,0,0,0
01-01-2015,W1F0X711,0,18538632,0,0,0,15,217590,0,0,0
01-01-2015,W1F0X7P2,0,33224832,0,0,0,13,216960,0,0,0
01-01-2015,W1F0X7PR,0,13138392,0,0,0,9,191343,0,0,0
01-01-2015,W1F0X7QX,0,162013456,0,0,0,12,217686,0,0,0
01-01-2015,W1F0XKWR,0,89660704,0,0,0,7,30,0,0,0
01-01-2015,W1F0Y13C,0,234318640,0,0,0,4,185772,0,0,3
01-01-2015,W1F0Y2PY,0,132033080,0,0,0,5,182050,0,0,0
01-01-2015,W1F0YJ6K,0,216100528,0,0,0,7,30,0,0,0
01-01-2015,W1F0YKBQ,0,24431928,0,0,0,8,24,0,0,0
01-01-2015,W1F0YKEW,0,65557072,0,0,0,23,45,0,0,0
01-01-2015,W1F0Z1W9,0,222379808,0,0,0,12,215998,0,0,0
01-01-2015,W1F0Z2JE,0,173952208,0,0,0,12,262571,0,0,0
01-01-2015,W1F0Z3FW,0,168577464,0,0,0,8,209341,0,0,0
01-01-2015,W1F0Z3G1,0,88734648,0,0,0,14,236610,0,0,0
01-01-2015,W1F0Z3KR,0,154806368,0,0,1,7,119375,0,0,0
01-01-2015,W1F0Z491,0,57689816,0,0,0,7,383675,0,0,0
01-01-2015,W1F0Z4AY,0,239303792,0,0,0,7,187008,0,0,1
01-01-2015,W1F0Z4CF,0,39991296,0,0,0,9,386234,0,0,2
01-01-2015,W1F0Z4EA,0,158082880,0,0,0,6,246340,0,0,0
01-01-2015,W1F0Z4SP,0,37928256,0,0,0,8,192925,0,0,3
01-01-2015,W1F0Z4W7,0,144878520,0,21,0,10,388409,0,0,4
01-01-2015,W1F0Z4X0,0,157461376,0,0,1,7,375195,6,6,0
01-01-2015,W1F0Z4X2,0,46248000,0,0,0,8,295080,0,0,248
01-01-2015,W1F0Z569,0,22964480,0,0,0,8,242824,0,0,0
01-01-2015,W1F0Z56F,0,145952576,0,0,0,10,387940,0,0,0
01-01-2015,W1F0Z588,0,97067752,0,0,0,6,236785,0,0,0
01-01-2015,W1F0Z5T8,0,228491272,0,0,0,9,235927,0,0,0
01-01-2015,W1F0Z62G,0,56559256,0,0,0,9,193237,0,0,0
01-01-2015,W1F0ZDTJ,0,117151648,0,0,0,7,199543,0,0,0
01-01-2015,W1F0ZG5V,0,244111264,0,0,0,8,383350,0,0,0
01-01-2015,W1F0ZJK8,0,216946928,0,0,0,8,185335,0,0,0
01-01-2015,W1F0ZK0H,0,109802712,0,0,0,8,187634,0,0,0
01-01-2015,W1F0ZVD8,0,59489688,0,0,0,14,313829,0,0,0
01-01-2015,W1F10Y8K,0,214392992,0,0,0,9,186716,0,0,0
01-01-2015,W1F111C6,0,56551080,0,0,0,10,404371,0,0,0
01-01-2015,W1F111N7,0,114125368,0,0,0,8,185888,0,0,0
01-01-2015,W1F111Q7,0,130770768,0,0,0,12,402805,0,0,0
01-01-2015,W1F11CR1,0,231278624,0,0,0,9,404968,0,0,0
01-01-2015,W1F11FCC,0,188801784,0,0,0,6,283678,0,0,0
01-01-2015,W1F11JQW,0,76618616,0,0,0,9,403149,0,0,0
01-01-2015,W1F11ZG9,0,193036136,0,9,46,2,321220,0,0,1
01-01-2015,W1F1230J,0,160609528,0,0,0,14,307719,0,0,0
01-01-2015,W1F12JLS,0,59739048,0,0,0,16,314853,0,0,0
01-01-2015,W1F12JRF,0,31336336,0,0,0,6,200799,0,0,0
01-01-2015,W1F12KWT,0,233573248,0,0,0,6,198266,0,0,0
01-01-2015,W1F1335J,0,91519632,0,16,0,9,282973,0,0,12
01-01-2015,W1F133A0,0,79301392,0,0,6,10,200271,0,0,0
01-01-2015,W1F1354W,0,106183632,0,0,0,8,207854,0,0,1
01-01-2015,W1F13B09,0,6749024,0,0,0,8,406749,0,0,0
01-01-2015,W1F13SJ7,0,34580480,8,0,0,10,29,0,0,0
01-01-2015,W1F13SRV,0,144915568,1960,0,0,6,24475,0,0,1
01-01-2015,W1F14FS4,0,2528512,0,0,0,5,222865,0,0,0
01-01-2015,W1F14GTK,0,109536632,0,21,0,20,315242,0,0,33
01-01-2015,W1F14GWF,0,100896256,0,0,0,7,283876,0,0,0
01-01-2015,W1F14H94,0,139443744,0,0,0,23,225858,0,0,0
01-01-2015,W1F14HAQ,0,79553744,0,0,0,9,405680,0,0,0
01-01-2015,W1F14N6K,0,82203512,0,0,0,14,319943,0,0,0
01-01-2015,W1F14NBM,0,214457408,0,0,0,14,218409,0,0,0
01-01-2015,W1F14NE5,0,21659944,0,0,0,9,354849,0,0,0
01-01-2015,W1F14XGD,0,230120824,256,0,0,12,201025,0,0,0
01-01-2015,W1F14XK6,0,102362080,0,0,0,10,403598,0,0,0
01-01-2015,W1F15NRT,0,26073952,0,0,0,9,405744,0,0,0
01-01-2015,W1F15P5S,0,43727248,0,0,0,8,185305,0,0,0
01-01-2015,W1F15S4D,0,92530096,736,0,74,6,96545,16,16,0
01-01-2015,W1F16RA7,0,229238112,0,0,0,11,185543,0,0,1
01-01-2015,W1F17D9Z,0,173035368,0,0,0,10,187690,0,0,0
01-01-2015,W1F17DKS,0,15352928,0,0,0,11,197121,0,0,0
01-01-2015,W1F17E35,0,111677360,0,0,0,10,200658,0,0,4
01-01-2015,W1F17GR6,0,169807832,44008,0,0,12,130739,0,0,0
01-01-2015,W1F17RLV,0,19301992,0,0,0,9,200359,0,0,0
01-01-2015,W1F181WP,0,178148616,2000,0,0,24,46,0,0,0
01-01-2015,W1F18TKX,0,164894928,0,0,0,11,186018,0,0,0
01-01-2015,W1F18YT8,0,98997784,0,0,0,12,226503,0,0,0
01-01-2015,W1F19BPT,0,50941304,16,0,0,23,45,0,0,0
01-01-2015,W1F19J5Q,0,156726952,0,0,0,8,228901,0,0,0
01-01-2015,W1F19LPJ,0,14368184,0,0,0,12,229081,0,0,0
01-01-2015,W1F1A4H9,0,18959200,376,0,0,5,18,0,0,0
01-01-2015,W1F1AN6A,0,96347832,0,0,0,11,39,0,0,0
01-01-2015,W1F1AQ6G,0,208637840,0,0,0,5,12,0,0,0
01-01-2015,W1F1ARYY,0,110766392,0,0,0,8,262785,0,0,0
01-01-2015,W1F1B0KF,0,188684704,0,0,0,10,2050,0,0,0
01-01-2015,W1F1BAE6,0,243385544,0,0,0,9,21,0,0,1
01-01-2015,W1F1BFHS,0,234083448,0,0,0,7,25,0,0,0
01-01-2015,W1F1BFMS,0,208761592,0,61,0,13,42,0,0,0
01-01-2015,W1F1BFP5,0,141049448,16,0,12,8,139874,0,0,0
01-01-2015,W1F1BFRJ,0,187606560,0,0,0,13,42,0,0,0
01-01-2015,W1F1BFZT,0,93512992,0,0,0,10,29,0,0,0
01-01-2015,W1F1BG0P,0,158511128,0,0,0,9,27,0,0,0
01-01-2015,W1F1BG4H,0,19012656,24,0,0,11,35,0,0,0
01-01-2015,W1F1BGAB,0,127153024,0,0,0,8,26,0,0,1
01-01-2015,W1F1BQNS,0,215070840,0,0,0,9,282289,0,0,1
01-01-2015,W1F1BQTN,0,33358936,0,0,0,9,199109,0,0,0
01-01-2015,W1F1BRM3,0,18149416,0,0,0,9,220602,0,0,0
01-01-2015,W1F1BS0H,0,78866488,0,0,0,14,267374,0,0,0
01-01-2015,W1F1BS9T,0,7547928,0,0,0,12,229417,0,0,0
01-01-2015,W1F1BTB2,0,192273912,0,0,0,16,317944,0,0,0
01-01-2015,W1F1BW8W,0,27121440,0,0,0,12,228844,0,0,0
01-01-2015,W1F1BZTM,0,139929672,0,0,0,13,42,0,0,5
01-01-2015,W1F1C0R9,0,92789936,0,1,0,11,201515,0,0,2
01-01-2015,W1F1C51R,0,111948232,0,0,0,10,409333,0,0,0
01-01-2015,W1F1C9HM,0,9275072,0,0,0,7,25,0,0,0
01-01-2015,W1F1C9TE,0,209936896,0,0,2,10,7489,0,0,0
01-01-2015,W1F1C9WG,0,86203992,0,0,0,13,42,0,0,0
01-01-2015,W1F1CA72,0,36967800,0,0,0,8,26,0,0,0
01-01-2015,W1F1CAKS,0,16719872,0,0,0,8,24,0,0,7
01-01-2015,W1F1CB5E,0,164185360,40,0,0,9,25,0,0,0
01-01-2015,W1F1CCGF,0,241082272,8,0,0,10,29,0,0,0
01-01-2015,W1F1CDDP,0,2165592,600,0,2,8,190301,8,8,0
01-01-2015,W1F1CDRE,0,206936512,0,0,0,7,19,0,0,0
01-01-2015,W1F1CHY9,0,81505552,0,34,0,20,275861,0,0,205
01-01-2015,W1F1CHZK,0,199302352,0,0,0,8,262286,0,0,1
01-01-2015,W1F1CJ1K,0,100157320,0,0,0,9,198295,0,0,0
01-01-2015,W1F1CJ27,0,32468296,0,0,0,12,226710,0,0,0
01-01-2015,W1F1CJ3G,0,226804056,0,7,0,8,210411,0,0,0
01-01-2015,W1F1CJKT,0,207883032,0,0,0,8,261753,0,0,0
01-01-2015,W1F1CJXM,0,147891384,0,0,0,7,197710,0,0,0
01-01-2015,W1F1CK1V,0,33169856,0,0,0,13,227880,0,0,0
01-01-2015,W1F1CK5G,0,172765584,0,0,0,11,200600,0,0,0
01-01-2015,W1F1CKB5,0,210940096,0,0,0,9,198065,0,0,0
01-01-2015,W1F1CKJZ,0,70676560,0,0,0,9,186519,0,0,0
01-01-2015,W1F1CKKW,0,88542848,0,0,0,16,306119,0,0,1
01-01-2015,W1F1CKSX,0,157459024,0,0,0,9,283531,0,0,14
01-01-2015,W1F1CKXZ,0,168473496,0,0,0,12,218368,0,0,0
01-01-2015,W1F1CL1K,0,184626152,0,0,112,17,321634,0,0,0
01-01-2015,W1F1CL8Q,0,20083352,0,0,0,11,228549,0,0,0
01-01-2015,W1F1CLBY,0,6577576,0,0,0,9,184159,0,0,0
01-01-2015,W1F1CLED,0,166977128,0,0,0,9,404111,0,0,0
01-01-2015,W1F1CLH3,0,85663616,0,0,0,9,200305,0,0,0
01-01-2015,W1F1CLJG,0,8902408,0,0,0,8,228343,0,0,0
01-01-2015,W1F1CLNF,0,42476336,0,0,0,11,235469,0,0,0
01-01-2015,W1F1CM57,0,40675072,0,0,0,5,18,0,0,0
01-01-2015,W1F1CM7H,0,125685752,0,0,0,12,40,0,0,0
01-01-2015,W1F1CM93,0,199395440,0,0,0,12,40,0,0,0
01-01-2015,W1F1CMCY,0,146417736,0,0,0,5,19156,0,0,0
01-01-2015,W1F1CMFD,0,14876624,0,0,0,5,18,0,0,0
01-01-2015,W1F1CMG4,0,217823736,0,0,0,5,18,0,0,0
01-01-2015,W1F1CMJW,0,189252320,0,0,0,5,19,0,0,0
01-01-2015,W1F1CMVG,0,172537600,0,0,0,10,28,0,0,0
01-01-2015,W1F1CMVW,0,106023872,0,0,0,13,42,0,0,0
01-01-2015,W1F1CNV3,0,43083896,0,0,0,9,27,0,0,0
01-01-2015,W1F1CZLY,0,63083832,0,0,0,11,199434,0,0,0
01-01-2015,W1F1D899,0,230373088,0,0,0,7,197300,0,0,0
01-01-2015,W1F1D8GZ,0,116336424,0,0,0,10,405205,0,0,0
01-01-2015,W1F1D93M,0,35852072,0,0,0,7,197720,0,0,0
01-01-2015,W1F1D99S,0,119787904,0,0,0,9,186161,0,0,0
01-01-2015,W1F1DA55,0,48118176,0,0,0,13,42,0,0,0
01-01-2015,W1F1DABR,0,119042768,0,0,0,10,27,0,0,0
01-01-2015,W1F1DN0Y,0,58412944,0,0,0,24,227023,0,0,0
01-01-2015,W1F1DN3S,0,108602968,0,0,0,11,200941,0,0,0
01-01-2015,W1F1DNYH,0,55085232,0,0,0,11,198572,0,0,4
01-01-2015,W1F1DPSA,0,36396096,0,0,0,11,35,0,0,0
01-01-2015,W1F1DQ6A,0,153756064,0,0,0,5,18,0,0,0
01-01-2015,W1F1DQJD,0,98357784,0,0,0,4,8,0,0,0
01-01-2015,W1F1DQN8,0,86045688,0,0,0,10,27,0,0,0
01-01-2015,W1F1DQQT,0,212573176,0,18,0,9,27,0,0,4
01-01-2015,W1F1DQR9,0,103119744,0,0,0,8,26,0,0,0
01-01-2015,W1F1DX8D,0,161226448,0,0,0,25,235749,0,0,0
01-01-2015,W1F1FHEK,0,45332328,0,0,0,13,42,0,0,0
01-01-2015,W1F1FZ8B,0,104063536,0,0,0,11,34,0,0,0
01-01-2015,W1F1GLFN,0,225937872,0,0,0,5,217373,0,0,0
01-01-2015,W1F1GMWX,0,55415160,0,0,0,6,23,0,0,0
01-01-2015,W1F1MRP9,0,186653312,0,0,0,6,210130,0,0,0
01-01-2015,W1F1MTM2,0,111450872,0,0,0,6,262303,0,0,0
01-01-2015,W1F1N4CT,0,36314712,0,0,0,8,284108,0,0,0
01-01-2015,W1F1N6V6,0,100552400,0,0,0,6,223126,0,0,0
01-01-2015,W1F1NS0C,0,71554416,0,0,0,6,222058,0,0,0
01-01-2015,W1F1NSHB,0,87626592,0,0,0,7,273959,0,0,0
01-01-2015,W1F1NTWG,0,129229392,0,0,0,8,260013,0,0,0
01-01-2015,W1F1Q5EF,0,62998904,0,0,0,4,153052,0,0,0
01-01-2015,W1F1ZVME,0,112391808,0,0,0,37,273995,0,0,0
01-01-2015,Z1F02KDL,0,12817320,0,0,0,7,261905,0,0,18
01-01-2015,Z1F02MRX,0,85541776,0,0,0,5,212024,0,0,0
01-01-2015,Z1F02NBQ,0,93724808,0,0,0,5,214430,0,0,0
01-01-2015,Z1F04CA7,0,79137144,0,0,0,5,189184,0,0,0
01-01-2015,Z1F04GCH,0,155095880,0,0,0,13,286053,0,0,0
01-01-2015,Z1F06WA0,0,173048840,0,0,12,9,380405,0,0,0
01-01-2015,Z1F0AHAT,0,62221640,0,0,6,8,240090,0,0,0
01-01-2015,Z1F0AM4J,0,175087384,0,0,0,4,307836,0,0,0
01-01-2015,Z1F0B4XZ,0,209608016,0,70,0,10,259834,0,0,1165
01-01-2015,Z1F0BA45,0,130849392,0,0,0,8,378172,0,0,0
01-01-2015,Z1F0BF9X,0,36820728,0,0,0,12,197041,0,0,3
01-01-2015,Z1F0CBSH,0,241822488,80,0,0,5,314626,0,0,0
01-01-2015,Z1F0CRT8,0,52728720,0,0,0,10,282936,0,0,0
01-01-2015,Z1F0D8DV,0,19720208,0,0,0,5,401445,0,0,4
01-01-2015,Z1F0DZAQ,0,230842048,344,0,0,18,202514,0,0,0
01-01-2015,Z1F0E1CS,0,241311632,0,0,0,10,285957,0,0,13
01-01-2015,Z1F0E2J2,0,217639288,0,0,0,13,195843,0,0,1
01-01-2015,Z1F0E74T,0,175301872,0,0,0,5,187220,0,0,0
01-01-2015,Z1F0EWVK,0,206889832,0,0,0,36,270914,0,0,0
01-01-2015,Z1F0FAZJ,0,168700736,0,0,0,5,261772,0,0,18
01-01-2015,Z1F0FSBY,0,193437680,1936,0,0,5,182277,0,0,0
01-01-2015,Z1F0G55J,0,184326776,0,0,0,38,246833,0,0,0
01-01-2015,Z1F0GB8A,0,142794400,0,0,0,6,201254,0,0,0
01-01-2015,Z1F0GE1M,0,237174696,0,0,0,7,197371,0,0,0
01-01-2015,Z1F0K451,0,97013528,0,0,0,7,269283,0,0,0
01-01-2015,Z1F0KJDS,0,75105368,0,0,0,8,199835,0,0,0
01-01-2015,Z1F0KKN4,0,239475080,0,0,0,6,197033,0,0,0
01-01-2015,Z1F0KQWF,0,154685008,0,0,0,12,286150,0,0,0
01-01-2015,Z1F0KSLS,0,214761152,0,0,0,66,224168,0,0,0
01-01-2015,Z1F0KZ3H,0,182787440,0,0,0,13,192781,0,0,11
01-01-2015,Z1F0L2VS,0,15570896,0,2,0,94,221320,0,0,0
01-01-2015,Z1F0L3BL,0,210687392,0,0,0,6,279183,0,0,0
01-01-2015,Z1F0L4J2,0,116522520,0,0,0,10,206892,0,0,0
01-01-2015,Z1F0L4S8,0,50755064,0,0,0,6,204938,0,0,0
01-01-2015,Z1F0L4T5,0,200997664,0,0,0,10,317075,0,0,0
01-01-2015,Z1F0L4Y0,0,175841832,0,0,6,7,205583,0,0,0
01-01-2015,Z1F0L55E,0,240650728,0,0,0,6,200910,0,0,0
01-01-2015,Z1F0L613,0,156324192,0,0,0,60,218826,0,0,0
01-01-2015,Z1F0L6BY,0,91951056,0,0,0,60,219594,0,0,0
01-01-2015,Z1F0L6DJ,0,82919640,0,0,0,63,219965,0,0,0
01-01-2015,Z1F0L78Z,0,241444520,0,0,0,6,206552,0,0,2
01-01-2015,Z1F0L7M8,0,41415136,0,0,2,6,204587,0,0,0
01-01-2015,Z1F0L7NS,0,192138568,0,0,0,7,206822,0,0,0
01-01-2015,Z1F0L7NZ,0,59021320,0,0,0,8,204801,0,0,0
01-01-2015,Z1F0L7PX,0,84600704,0,0,0,11,281177,0,0,1
01-01-2015,Z1F0LB4J,0,44390728,0,0,0,7,279726,0,0,0
01-01-2015,Z1F0LBBG,0,144918648,0,0,0,6,289896,0,0,0
01-01-2015,Z1F0LBT6,0,178608536,0,0,0,6,200240,0,0,0
01-01-2015,Z1F0LCDA,0,21664864,0,0,0,6,193874,40,40,0
01-01-2015,Z1F0LH2M,0,189233400,0,0,0,8,428657,0,0,0
01-01-2015,Z1F0LH7B,0,68256376,0,0,0,10,432420,0,0,0
01-01-2015,Z1F0LH7E,0,119765312,0,0,0,5,199167,0,0,0
01-01-2015,Z1F0LJTD,0,125246840,0,0,0,5,204364,24,24,0
01-01-2015,Z1F0LKBP,0,53111032,0,0,0,5,148353,8,8,0
01-01-2015,Z1F0LKEE,0,144500808,0,0,0,10,445428,0,0,0
01-01-2015,Z1F0LKMJ,0,23078160,0,0,0,10,444593,0,0,0
01-01-2015,Z1F0LKWC,0,200109832,0,0,0,9,436079,0,0,0
01-01-2015,Z1F0LKX4,0,205911352,0,0,0,10,436681,0,0,0
01-01-2015,Z1F0LL7D,0,90530088,0,0,0,8,279481,0,0,10
01-01-2015,Z1F0LLED,0,10915992,0,0,0,7,280186,0,0,1
01-01-2015,Z1F0LLFY,0,64250696,0,0,0,58,219585,0,0,2
01-01-2015,Z1F0LLKC,0,227964472,0,1,0,78,220772,0,0,104
01-01-2015,Z1F0LLKR,0,72252656,0,0,0,9,441380,0,0,1
01-01-2015,Z1F0LLPJ,0,164621384,0,0,0,8,447597,0,0,0
01-01-2015,Z1F0LLPS,0,229430488,0,0,0,9,443556,0,0,0
01-01-2015,Z1F0LLWH,0,218162848,0,0,0,6,200342,0,0,0
01-01-2015,Z1F0LM11,0,162699960,0,0,0,8,280520,0,0,2
01-01-2015,Z1F0LM6T,0,88861112,0,0,0,10,449245,0,0,0
01-01-2015,Z1F0LNQB,0,165523032,0,0,0,9,436881,0,0,0
01-01-2015,Z1F0LQGS,0,242138400,0,0,0,7,282471,0,0,0
01-01-2015,Z1F0LQMH,0,83655872,0,0,0,7,205303,0,0,1
01-01-2015,Z1F0LR8G,0,13558472,0,0,0,6,200230,0,0,0
01-01-2015,Z1F0LRLQ,0,51733320,0,0,0,12,284637,0,0,5
01-01-2015,Z1F0LSHN,0,72835304,0,0,0,12,287210,0,0,0
01-01-2015,Z1F0LSNM,0,86857440,232,0,0,6,204784,0,0,0
01-01-2015,Z1F0LSNZ,0,127712264,0,318,0,6,283810,0,0,18
01-01-2015,Z1F0LSPT,0,31278352,0,0,0,7,281674,0,0,0
01-01-2015,Z1F0LSQ2,0,228548280,0,0,0,6,200289,0,0,0
01-01-2015,Z1F0LSQ4,0,45847712,0,0,0,7,291547,0,0,0
01-01-2015,Z1F0LSXW,0,218657328,0,0,0,7,279898,0,0,0
01-01-2015,Z1F0LT0S,0,19616576,0,0,0,6,292307,0,0,0
01-01-2015,Z1F0LT3Y,0,83926144,0,0,0,9,433614,0,0,0
01-01-2015,Z1F0LT4K,0,194743168,0,0,0,6,195741,0,0,0
01-01-2015,Z1F0LT6P,0,165726864,0,0,0,7,174552,0,0,0
01-01-2015,Z1F0LT6Z,0,74320512,0,2,12,5,193032,0,0,0
01-01-2015,Z1F0LTAV,0,73643784,24656,0,0,22,164663,0,0,0
01-01-2015,Z1F0LV8X,0,18402920,0,0,0,7,293275,0,0,1
01-01-2015,Z1F0LV93,0,49818320,0,0,0,9,445029,0,0,0
01-01-2015,Z1F0LVEM,0,52936952,0,0,6,57,219603,0,0,1
01-01-2015,Z1F0LVGY,0,121353416,0,0,0,7,293719,0,0,0
01-01-2015,Z1F0LVL5,0,201877792,0,0,0,10,447176,0,0,0
01-01-2015,Z1F0LVPW,0,209199760,0,1,0,7,279871,0,0,52
01-01-2015,Z1F0M0TV,0,241968088,0,0,6,22,203056,0,0,0
01-01-2015,Z1F0M0XP,0,235764256,0,0,0,10,288510,0,0,3
01-01-2015,Z1F0M7QD,0,63024544,0,0,0,15,193693,0,0,0
01-01-2015,Z1F0MA1S,0,140549984,0,0,0,7,197011,0,0,0
01-01-2015,Z1F0MBGF,0,140213032,0,0,0,57,219534,0,0,0
01-01-2015,Z1F0MCCA,0,57423632,0,0,0,12,307626,0,0,0
01-01-2015,Z1F0MM43,0,100514408,0,0,0,15,248586,0,0,0
01-01-2015,Z1F0MP8Q,0,42787072,0,0,1,6,237372,0,0,0
01-01-2015,Z1F0MQJ2,0,186455264,0,0,0,17,195470,0,0,0
01-01-2015,Z1F0MR6M,0,52538072,0,0,0,13,283939,0,0,0
01-01-2015,Z1F0MRPJ,0,226282984,0,0,0,8,199130,0,0,0
01-01-2015,Z1F0MSSJ,0,67657368,0,0,0,11,286353,0,0,3
01-01-2015,Z1F0MTFT,0,81360440,0,0,0,12,247528,0,0,0
01-01-2015,Z1F0MWE7,0,203936664,0,0,0,13,285591,0,0,0
01-01-2015,Z1F0MXFY,0,233764856,0,0,0,10,218926,0,0,0
01-01-2015,Z1F0MYCF,0,193948096,0,0,0,10,286622,0,0,0
01-01-2015,Z1F0MYEL,0,47337144,0,3,0,36,248937,0,0,3
01-01-2015,Z1F0N11J,0,37264904,0,0,0,15,196438,0,0,7
01-01-2015,Z1F0N2WV,0,107582704,0,0,0,20,194981,0,0,0
01-01-2015,Z1F0N5AD,0,175324368,0,0,0,68,219393,0,0,0
01-01-2015,Z1F0N7VR,0,168581112,0,0,0,9,217527,0,0,0
01-01-2015,Z1F0N8QM,0,194695064,0,0,3,3,198052,0,0,0
01-01-2015,Z1F0NVZA,0,89934064,0,0,0,10,185310,0,0,0
01-01-2015,Z1F0P16F,0,65714640,728,0,0,7,265323,0,0,2
01-01-2015,Z1F0P5D9,0,146889912,0,0,0,29,245471,0,0,0
01-01-2015,Z1F0PSHD,0,223134568,0,0,0,36,246407,0,0,1
01-01-2015,Z1F0Q8RT,0,51898288,0,0,4,8,184062,0,0,0
01-01-2015,Z1F0Q9H0,0,100423552,0,0,0,31,247023,0,0,0
01-01-2015,Z1F0QGSE,0,30351120,0,0,0,30,248918,0,0,0
01-01-2015,Z1F0QGWP,0,26974144,0,0,0,12,248751,0,0,1
01-01-2015,Z1F0QH0C,0,129489160,0,1,0,7,199632,0,0,0
01-01-2015,Z1F0QH7R,0,161697120,0,0,0,12,287119,0,0,0
01-01-2015,Z1F0QHG2,0,203136104,0,0,0,22,195979,0,0,0
01-01-2015,Z1F0QK05,0,113907728,0,0,0,8,197645,0,0,0
01-01-2015,Z1F0QK7Z,0,94396464,0,0,0,20,170180,0,0,0
01-01-2015,Z1F0QKA2,0,25247272,0,0,0,20,171193,0,0,1
01-01-2015,Z1F0QKEW,0,150456312,0,0,1,20,202241,0,0,0
01-01-2015,Z1F0QKGH,0,109574640,0,0,0,13,246851,0,0,0
01-01-2015,Z1F0QKMV,0,57460824,0,0,0,10,285091,0,0,0
01-01-2015,Z1F0QL3N,0,200702864,0,0,0,9,201235,0,0,0
01-01-2015,Z1F0QLC1,0,71350416,0,0,0,7,198020,0,0,0
01-01-2015,Z1F0QLC7,0,85587128,0,0,0,64,184692,0,0,0
01-01-2015,Z1F0QQ5F,0,97186960,0,0,0,12,283693,0,0,0
01-01-2015,Z1F0QSB1,0,211104536,0,0,0,20,200415,0,0,0
01-01-2015,Z1F0QZJB,0,213439504,0,0,6,10,284563,0,0,0
01-01-2015,Z1F0R8FZ,0,223027032,0,0,0,13,171478,0,0,0
01-01-2015,Z1F0R8QZ,0,152656704,0,15,0,95,223190,0,0,155
01-01-2015,Z1F0R9TM,0,138448904,0,0,0,19,196698,0,0,0
01-01-2015,Z1F0RGNJ,0,104053800,0,8,6,20,197144,0,0,0
01-01-2015,Z1F0RGQV,0,218999720,0,0,0,89,214637,0,0,0
01-01-2015,Z1F0RL5B,0,50388816,0,0,0,14,173050,0,0,0
01-01-2015,Z1F0VJ8V,0,130810184,0,0,0,15,40,0,0,0
01-01-2015,Z1F0VNSW,0,5550872,0,0,0,5,188679,0,0,0
01-01-2015,Z1F0W23J,0,236674632,0,0,0,8,406377,0,0,10
01-01-2015,Z1F0WPTF,0,189138768,0,0,0,10,34,0,0,0
01-01-2015,Z1F0WVLC,0,207045976,0,0,2,5,155008,0,0,0
01-01-2015,Z1F0ZCPW,0,243667312,0,0,0,8,162630,0,0,1
01-01-2015,Z1F118C9,0,211084160,0,36,0,5,226953,0,0,1
01-01-2015,Z1F11B2R,0,53990024,0,0,0,5,328818,0,0,0
01-01-2015,Z1F11BHF,0,123000064,0,0,2,5,211905,0,0,0
01-01-2015,Z1F11RAE,0,150627824,0,0,0,8,235350,0,0,0
01-01-2015,Z1F11SL0,0,183231424,0,0,0,8,176375,0,0,0
01-01-2015,Z1F11SYE,0,60790408,0,0,2,7,183139,0,0,0
01-01-2015,Z1F130LH,0,98183304,56,0,0,24,235992,0,0,0
01-01-2015,Z1F1473X,0,228012976,0,0,0,8,224544,0,0,0
01-01-2015,Z1F1479Y,0,111179192,0,0,0,8,184714,0,0,0
01-01-2015,Z1F147WQ,0,185327416,0,0,0,8,155451,0,0,0
01-01-2015,Z1F148T1,0,158452880,0,0,0,8,182606,0,0,0
01-01-2015,Z1F14BGY,0,46639464,0,0,0,8,190051,0,0,0
01-01-2015,Z1F14F5V,0,10058824,0,0,0,8,209577,0,0,177
01-01-2015,Z1F14Z4F,0,115139728,0,0,3,8,204025,0,0,0
01-01-2015,Z1F151C1,0,131699048,0,0,0,7,246359,0,0,0
01-01-2015,Z1F156MQ,0,180580088,240,1,0,2,163781,0,0,0
01-01-2015,Z1F15HYM,0,202222520,0,0,0,7,211660,0,0,0
01-01-2015,Z1F15VY4,0,100144136,0,1,0,4,200744,0,0,0
01-01-2015,Z1F161QC,0,215856664,0,1,0,4,240203,0,0,0
01-01-2015,Z1F1632F,0,211231464,0,1,0,4,237304,0,0,7226
01-01-2015,Z1F1652D,0,56856720,0,0,0,8,191613,0,0,0
01-01-2015,Z1F1653X,0,154007624,0,0,0,8,172665,0,0,0
01-01-2015,Z1F16BR1,0,57537584,0,0,0,6,155241,0,0,8
01-01-2015,Z1F16G31,0,508584,0,0,0,4,373005,0,0,0
01-01-2015,Z1F16LDN,0,134141520,0,0,0,8,225609,0,0,3
01-01-2015,Z1F17XPD,0,11659192,0,1,0,2,198575,0,0,1
01-01-2015,Z1F17YTD,0,199970344,0,1,0,3,199059,0,0,0
01-01-2015,Z1F17Z3N,0,72710808,0,1,0,1,174065,0,0,3
01-01-2015,Z1F17ZCN,0,165848616,0,1,10,3,193452,0,0,0
01-01-2015,Z1F18YB3,0,201215312,0,0,0,8,227694,0,0,0
01-01-2015,Z1F18YST,0,48070360,0,0,0,8,209167,0,0,0
01-01-2015,Z1F1901P,0,14345648,0,0,0,8,222177,0,0,0
01-01-2015,Z1F19ENW,0,113747592,0,0,0,6,19,0,0,0
01-01-2015,Z1F19KMH,0,126100600,0,0,0,14,43,0,0,5
01-01-2015,Z1F19QH0,0,73692296,0,0,0,15,44,0,0,0
01-01-2015,Z1F19QM3,0,201970392,0,0,1,7,95477,8,8,0
01-01-2015,Z1F19TP2,0,79036376,0,0,0,9,27,0,0,0
01-01-2015,Z1F19TVX,0,21358480,0,0,0,11,88839,8,8,0
01-01-2015,Z1F19VF5,0,185821440,0,0,0,9,217,0,0,0
01-01-2015,Z1F1A0CJ,0,185715344,0,0,0,7,273204,0,0,0
01-01-2015,Z1F1A0LM,0,242992744,0,0,0,7,230337,0,0,0
01-01-2015,Z1F1A0RP,0,221809096,0,0,0,7,181475,0,0,0
01-01-2015,Z1F1A1HH,0,218793488,0,0,0,7,209340,0,0,0
01-01-2015,Z1F1A7MG,0,61316616,168,0,11,7,94924,0,0,0
01-01-2015,Z1F1A83K,0,36209336,0,0,0,11,27,0,0,0
01-01-2015,Z1F1AD0M,0,142624376,0,0,1,21,219110,0,0,0
01-01-2015,Z1F1AF54,0,169111864,0,0,0,7,19,0,0,0
01-01-2015,Z1F1AFF2,0,25012752,112,0,0,12,36,0,0,0
01-01-2015,Z1F1AFT5,0,41973904,0,0,0,7,20,0,0,0
01-01-2015,Z1F1AG5N,0,193717560,0,0,4,6,19,0,0,0
01-01-2015,Z1F1AGLA,0,53282672,0,0,0,8,238487,0,0,0
01-01-2015,Z1F1AGN5,0,152369448,0,0,0,8,271115,0,0,0
01-01-2015,Z1F1AGW1,0,171637640,0,0,0,7,279827,0,0,18701
01-01-2015,Z1F1B6H4,0,117632152,0,0,0,7,18,0,0,1
01-01-2015,Z1F1B6NP,0,190108232,0,0,0,11,28,0,0,1
01-01-2015,Z1F1B799,0,130554640,0,0,0,14,42,0,0,0
01-01-2015,Z1F1CZ35,0,52000488,0,0,0,7,209797,0,0,0
01-01-2015,Z1F1FCH5,0,63559568,0,0,6,7,214696,24,24,0
01-01-2015,Z1F1FZ9J,0,207996472,0,0,0,5,205515,0,0,0
01-01-2015,Z1F1HEQR,0,26513208,0,0,0,4,164891,0,0,0
01-01-2015,Z1F1HSWK,0,88886208,0,0,0,5,359637,0,0,6
01-01-2015,Z1F1Q9BD,0,130742600,0,0,0,7,224459,0,0,0
01-01-2015,Z1F1R76A,0,218656456,0,0,0,6,314970,0,0,12
01-01-2015,Z1F1RE71,0,44407312,0,1,0,3,184247,0,0,0
01-01-2015,Z1F1RJFA,0,243890056,1208,1,0,4,312579,0,0,0
01-01-2015,Z1F1VMZB,0,45340272,0,0,0,5,186491,0,0,0
01-01-2015,Z1F1VQFY,0,16736808,0,0,0,6,224020,0,0,0
01-01-2015,Z1F26YZB,0,193902776,0,1,0,1,271646,0,0,0
01-01-2015,Z1F282ZV,0,161799176,0,1,0,1,171608,0,0,0
01-01-2015,Z1F2PBHX,0,129475464,0,0,0,4,148008,0,0,0
01-02-2015,S1F01085,0,1650864,56,0,52,6,407438,0,0,7
01-02-2015,S1F0166B,0,191946112,0,3,0,6,403174,0,0,0
01-02-2015,S1F01E6Y,0,192723440,0,0,0,12,238718,0,0,0
01-02-2015,S1F01JE0,0,109398680,0,0,0,6,410186,0,0,0
01-02-2015,S1F01R2B,0,200864456,0,0,0,15,313173,0,0,3
01-02-2015,S1F01TD5,0,116964088,0,0,41,6,413535,0,0,1
01-02-2015,S1F01XDJ,0,2211760,0,0,0,8,403892,0,0,0
01-02-2015,S1F023H2,0,161679800,0,0,1,19,495730,16,16,3
01-02-2015,S1F02A0J,0,63705712,0,1,0,14,311869,0,0,0
01-02-2015,S1F02DZ2,0,75736784,0,323,9,9,407905,0,0,164
01-02-2015,S1F02EVN,0,207699208,0,0,0,7,388146,0,0,1
01-02-2015,S1F02L38,0,370600,0,0,0,2,216530,0,0,8
01-02-2015,S1F02MGA,0,143057976,0,266,1,6,399286,0,0,2270
01-02-2015,S1F02P76,0,137391624,1536,0,175,11,301679,0,0,0
01-02-2015,S1F02VAX,0,111341488,168,2,521,3,380496,0,0,3
01-02-2015,S1F02WFT,0,81025064,5160,14,1074,11,249515,0,0,21
01-02-2015,S1F0318A,0,133534160,0,0,0,9,394890,0,0,5
01-02-2015,S1F0322R,0,141021008,0,0,0,9,411399,0,0,0
01-02-2015,S1F0330P,0,140945136,0,0,12,14,297284,0,0,5
01-02-2015,S1F035SJ,0,13684376,0,0,0,9,389730,0,0,0
01-02-2015,S1F0377V,0,192306528,0,0,23,14,321308,0,0,8
01-02-2015,S1F039FE,0,32129064,0,0,6,4,394782,0,0,2
01-02-2015,S1F03RV3,0,194483448,0,0,0,8,259369,0,0,0
01-02-2015,S1F03YZM,0,75670840,0,0,0,7,200488,0,0,0
01-02-2015,S1F044ET,0,181377384,0,0,0,5,227942,0,0,0
01-02-2015,S1F049RX,0,3232336,0,0,4,7,395719,0,0,0
01-02-2015,S1F04DH8,0,174740664,0,9,0,16,324354,0,0,145
01-02-2015,S1F04KSC,0,209131472,392,24929,529,3,339205,0,0,10137
01-02-2015,S1F04MVQ,0,204644368,1984,0,46,4,367145,0,0,65
01-02-2015,S1F04R7Y,0,212258728,0,0,0,7,398672,0,0,51
01-02-2015,S1F04TS4,0,90161432,0,0,8,6,385366,0,0,1
01-02-2015,S1F04Y6C,0,183713560,0,0,7,3,388821,0,0,0
01-02-2015,S1F059G0,0,99204576,0,14,0,3,399158,0,0,255
01-02-2015,S1F05AFP,0,167936512,0,0,2,3,378044,0,0,0
01-02-2015,S1F05B1Q,0,10480624,0,0,7,4,387410,0,0,57
01-02-2015,S1F05NAJ,0,149842384,392,0,0,4,337713,0,0,1
01-02-2015,S1F05P51,0,204265168,496,0,0,5,332206,0,0,0
01-02-2015,S1F05P5Z,0,234050816,928,0,3,4,332608,0,0,0
01-02-2015,S1F06E04,0,123244632,1952,0,12,5,375985,0,0,0
01-02-2015,S1F06F7K,0,137966392,128,0,0,4,383073,0,0,1
01-02-2015,S1F06R6W,0,215897688,0,0,0,2,397732,0,0,3
01-02-2015,S1F06ZX2,0,137490856,0,0,0,9,405128,0,0,0
01-02-2015,S1F08R94,0,208560904,0,1,0,4,326678,0,0,0
01-02-2015,S1F08S38,0,55397624,744,3,2,4,334993,0,0,6
01-02-2015,S1F09DZQ,0,34614880,136,0,2,6,381298,0,0,2
01-02-2015,S1F09MAK,0,31592888,7944,0,7,3,306534,0,0,4
01-02-2015,S1F09MSM,0,169532376,360,0,0,3,339461,0,0,2
01-02-2015,S1F0A1PX,0,53546712,0,0,0,4,331820,0,0,0
01-02-2015,S1F0A1VP,0,233690384,8,1,8,4,338741,0,0,1
01-02-2015,S1F0AADQ,0,226442760,0,0,0,7,381804,0,0,1
01-02-2015,S1F0AEFT,0,223677472,0,0,0,9,393608,0,0,0
01-02-2015,S1F0B3XA,0,153270168,464,0,3,4,343231,0,0,0
01-02-2015,S1F0B5QJ,0,212279632,21528,0,331,4,257578,8,8,0
01-02-2015,S1F0BN0S,0,187018824,1392,0,0,4,317067,0,0,0
01-02-2015,S1F0BQZK,0,41828192,128,3,6,4,333239,48,48,5
01-02-2015,S1F0BVK1,0,153889664,0,0,0,5,237028,0,0,0
01-02-2015,S1F0BWZ3,0,169635312,0,0,0,7,354416,0,0,2
01-02-2015,S1F0C95J,0,166867040,0,0,0,5,229780,0,0,0
01-02-2015,S1F0CE60,0,138121792,0,0,0,6,215044,0,0,0
01-02-2015,S1F0CSBR,0,138705824,352,0,1,4,304691,0,0,0
01-02-2015,S1F0CSRZ,0,30477736,7800,382,7,4,332141,0,0,1864
01-02-2015,S1F0CT09,0,81975752,104,0,0,4,335101,0,0,0
01-02-2015,S1F0CT4F,0,19660080,0,0,0,4,351591,0,0,0
01-02-2015,S1F0CTDN,0,72104024,528,0,4,9,382459,32,32,3
01-02-2015,S1F0CTDY,0,56611416,192,0,0,4,338339,0,0,0
01-02-2015,S1F0CTRL,0,86780400,800,0,0,4,341969,0,0,1
01-02-2015,S1F0CVDS,0,50207992,0,0,0,4,346221,312,312,0
01-02-2015,S1F0CVRM,0,18995120,520,0,3,4,334176,0,0,0
01-02-2015,S1F0CVWK,0,234895480,1912,0,6,7,350807,0,0,0
01-02-2015,S1F0CVY5,0,168688656,1248,1326,4,5,317038,0,0,898
01-02-2015,S1F0CWHW,0,203159128,368,0,0,4,321407,0,0,9
01-02-2015,S1F0CWKN,0,148392096,0,0,0,4,339408,0,0,0
01-02-2015,S1F0CWXJ,0,145813848,6336,0,1,4,286450,0,0,0
01-02-2015,S1F0DKAN,0,2560888,0,0,0,6,258759,0,0,0
01-02-2015,S1F0DSTY,0,28803248,0,0,0,11,438000,0,0,0
01-02-2015,S1F0E9EP,0,126870472,0,0,0,8,197887,0,0,0
01-02-2015,S1F0EEP2,0,153560480,0,0,0,13,242731,0,0,0
01-02-2015,S1F0EGMT,0,103740336,0,0,0,9,197669,0,0,0
01-02-2015,S1F0EGSH,0,56980536,0,0,0,11,218309,0,0,0
01-02-2015,S1F0F4EB,0,14323816,0,0,0,9,201527,0,0,2
01-02-2015,S1F0F4G4,0,233541936,0,0,0,10,287182,0,0,2
01-02-2015,S1F0FGBQ,0,41566632,0,0,0,9,171742,0,0,0
01-02-2015,S1F0FP0C,0,189812584,0,0,0,9,200904,0,0,0
01-02-2015,S1F0FVBE,0,240351224,0,0,0,14,289330,0,0,0
01-02-2015,S1F0FW8K,0,171756216,0,0,0,92,220810,0,0,0
01-02-2015,S1F0FZ8F,0,150651880,0,0,0,7,197607,0,0,0
01-02-2015,S1F0G0XX,0,219593000,0,0,0,12,288195,0,0,0
01-02-2015,S1F0G9ZF,0,21096752,0,0,0,70,221461,0,0,0
01-02-2015,S1F0GCED,0,11965112,0,0,0,8,202219,0,0,0
01-02-2015,S1F0GG8X,0,56613192,1232,0,0,11,188813,0,0,2
01-02-2015,S1F0GGJD,0,18689592,0,0,0,62,194926,0,0,0
01-02-2015,S1F0GGPP,0,204747984,0,0,0,9,200723,0,0,0
01-02-2015,S1F0GHJ1,0,64072520,0,0,0,58,221420,0,0,0
01-02-2015,S1F0GJL9,0,75211128,0,0,0,63,223596,0,0,0
01-02-2015,S1F0GJW3,0,137727352,0,0,0,8,202502,0,0,0
01-02-2015,S1F0GKFX,0,128027960,0,0,0,65,224552,0,0,0
01-02-2015,S1F0GKL6,0,11900096,0,0,0,90,222747,0,0,0
01-02-2015,S1F0GPFZ,0,72397272,0,0,0,8,196570,0,0,0
01-02-2015,S1F0GPXY,0,41727808,0,0,0,8,197533,0,0,0
01-02-2015,S1F0GQCL,0,136415016,0,0,0,92,218937,0,0,0
01-02-2015,S1F0GRB1,0,163454904,0,0,0,67,223369,0,0,0
01-02-2015,S1F0GSD9,0,20571872,0,0,0,11,198938,0,0,0
01-02-2015,S1F0GSHB,0,173750736,0,0,0,91,225332,0,0,0
01-02-2015,S1F0GV0W,0,189457640,0,5,6,95,223182,0,0,0
01-02-2015,S1F0H6JG,0,111038448,0,0,0,7,194319,0,0,0
01-02-2015,S1F0H6JJ,0,169881384,0,0,0,32,251245,0,0,2
01-02-2015,S1F0HWXJ,0,147390360,0,0,0,6,208328,0,0,0
01-02-2015,S1F0J5JH,0,78445448,0,0,0,7,201536,0,0,0
01-02-2015,S1F0JD7P,0,35649048,0,0,0,58,225644,0,0,0
01-02-2015,S1F0JGJV,0,113670096,0,0,0,7,196815,0,0,0
01-02-2015,S1F0JMRJ,0,130919328,0,0,0,39,255957,0,0,14
01-02-2015,S1F0KY6R,0,150145224,0,0,0,14,286042,0,0,0
01-02-2015,S1F0KYCR,0,198251016,0,0,0,9,200008,0,0,0
01-02-2015,S1F0KZJJ,0,79431664,0,0,0,36,248730,0,0,0
01-02-2015,S1F0L0DW,0,231456952,0,0,0,7,283299,0,0,0
01-02-2015,S1F0L11K,0,224833016,0,0,0,6,207114,0,0,0
01-02-2015,S1F0LBMG,0,232246664,0,0,0,7,282819,0,0,7
01-02-2015,S1F0LBY2,0,152587680,0,0,0,11,445954,0,0,0
01-02-2015,S1F0LC06,0,234164456,0,0,0,6,207785,0,0,0
01-02-2015,S1F0LCKH,0,217681576,0,0,0,11,449569,0,0,0
01-02-2015,S1F0LCQX,0,61030896,0,0,0,7,281363,0,0,0
01-02-2015,S1F0LCS6,0,54787328,0,0,0,17,219974,0,0,0
01-02-2015,S1F0LCSV,0,138034752,0,0,0,6,180634,0,0,0
01-02-2015,S1F0LCTV,0,238613336,0,0,1,11,448353,0,0,0
01-02-2015,S1F0LCVC,0,197826176,0,0,0,8,206015,0,0,0
01-02-2015,S1F0LD15,0,163549216,0,0,0,6,283114,0,0,0
01-02-2015,S1F0LD2C,0,188910528,0,0,0,12,437819,0,0,0
01-02-2015,S1F0LD73,0,222414040,0,0,0,6,282146,0,0,0
01-02-2015,S1F0LDB5,0,160937352,17408,0,1,15,182232,0,0,4
01-02-2015,S1F0LDED,0,188938032,0,0,0,7,201151,0,0,0
01-02-2015,S1F0LDKM,0,128264904,0,0,0,7,207694,0,0,1
01-02-2015,S1F0LDLW,0,81766992,0,0,0,7,207673,0,0,0
01-02-2015,S1F0LE2X,0,86724520,0,0,26,16,196011,0,0,4
01-02-2015,S1F0LEBM,0,174772064,0,0,0,5,202124,0,0,5
01-02-2015,S1F0LHH2,0,144426872,1056,0,6,8,199972,0,0,0
01-02-2015,S1F0LL2X,0,234091648,0,1,14,6,207888,0,0,2
01-02-2015,S1F0LLKM,0,123786616,0,0,0,11,200435,0,0,4
01-02-2015,S1F0LQDQ,0,187281480,0,0,0,8,203846,0,0,0
01-02-2015,S1F0LR01,0,4306960,0,0,8,9,169543,0,0,0
01-02-2015,S1F0M2PQ,0,243639944,0,0,6,60,225100,0,0,0
01-02-2015,S1F0MBV5,0,151110288,0,0,0,4,343076,0,0,0
01-02-2015,S1F0P1K7,0,162864304,0,0,0,2,244290,0,0,0
01-02-2015,S1F0P2B4,0,40283320,0,0,0,4,250572,0,0,0
01-02-2015,S1F0P3G2,0,67760976,0,0,0,8,242452,0,0,1
01-02-2015,S1F0PEVC,0,180010032,0,0,0,6,217009,0,0,1
01-02-2015,S1F0PF59,0,52959936,0,0,0,6,245223,0,0,0
01-02-2015,S1F0PF5Q,0,79105280,0,0,0,12,245506,0,0,98
01-02-2015,S1F0PG6Z,0,95707528,0,0,20,10,200877,0,0,4
01-02-2015,S1F0PGHQ,0,193594760,0,0,0,6,242619,0,0,0
01-02-2015,S1F0PGZ6,0,149063208,0,0,0,5,245087,0,0,2
01-02-2015,S1F0PJAJ,0,237680248,0,0,0,12,247898,0,0,0
01-02-2015,S1F0PJJW,0,218453616,0,0,0,6,240607,0,0,0
01-02-2015,S1F0PJZP,0,223320672,0,0,0,12,242415,0,0,0
01-02-2015,S1F0PK2J,0,190548208,0,0,0,6,250384,0,0,0
01-02-2015,S1F0PK70,0,34911152,0,0,0,7,213399,0,0,0
01-02-2015,S1F0PL0R,0,103548056,0,0,0,6,221863,0,0,0
01-02-2015,S1F0PL7D,0,142044024,0,0,0,6,242341,0,0,1
01-02-2015,S1F0PLEL,0,3275592,0,0,0,7,218717,0,0,0
01-02-2015,S1F0PXZL,0,123579976,0,0,0,8,380445,0,0,0
01-02-2015,S1F0QF3R,0,106095704,0,0,0,12,201790,0,0,1
01-02-2015,S1F0QWEQ,0,205841496,0,0,0,9,220023,0,0,2
01-02-2015,S1F0QWGA,0,213133648,0,0,0,6,201423,0,0,0
01-02-2015,S1F0QWGD,0,238280680,0,0,0,17,219413,0,0,2
01-02-2015,S1F0QWPP,0,106540416,0,0,0,8,191439,0,0,0
01-02-2015,S1F0QWV6,0,146904912,0,0,9,8,185511,0,0,1
01-02-2015,S1F0QWWF,0,199548152,0,0,0,6,221164,0,0,0
01-02-2015,S1F0QWYG,0,208402896,0,0,0,6,196719,0,0,0
01-02-2015,S1F0QWZP,0,189724808,0,0,0,12,202874,0,0,2
01-02-2015,S1F0QX41,0,143967520,0,0,0,17,220399,0,0,0
01-02-2015,S1F0QX4C,0,186463344,0,0,0,12,186430,0,0,0
01-02-2015,S1F0QXCB,0,233933000,0,0,6,8,201507,0,0,1
01-02-2015,S1F0QXDD,0,123871896,0,0,0,8,188222,0,0,0
01-02-2015,S1F0QXDQ,0,197452376,0,0,0,6,190378,0,0,0
01-02-2015,S1F0QXM0,0,132992696,0,0,0,9,175469,0,0,0
01-02-2015,S1F0QXNB,0,241786608,0,0,0,16,220025,0,0,2
01-02-2015,S1F0QXRG,0,143415440,0,0,15,12,163552,0,0,0
01-02-2015,S1F0QXTJ,0,182371376,0,0,0,17,217890,0,0,0
01-02-2015,S1F0QXVD,0,58335528,0,0,0,6,218964,0,0,0
01-02-2015,S1F0QXXH,0,52200448,0,0,0,13,217404,0,0,0
01-02-2015,S1F0QXYA,0,100558480,0,2,0,13,186515,0,0,2794
01-02-2015,S1F0QXZS,0,154558640,0,0,13,9,191274,0,0,0
01-02-2015,S1F0QY05,0,65052792,0,0,2,10,220123,0,0,0
01-02-2015,S1F0QY0Q,0,16881264,0,0,0,5,210714,0,0,6
01-02-2015,S1F0QY11,0,32796680,0,0,9,7,208967,16,16,0
01-02-2015,S1F0QY1C,0,108401144,0,5,0,11,250209,0,0,2
01-02-2015,S1F0QY71,0,117475144,0,0,0,13,217768,0,0,0
01-02-2015,S1F0QY8S,0,83220592,0,0,0,11,191625,0,0,0
01-02-2015,S1F0QYBJ,0,66143368,0,0,0,8,197503,0,0,0
01-02-2015,S1F0QYJX,0,43129176,0,2,0,5,249956,0,0,1
01-02-2015,S1F0QYLA,0,187156904,0,1,0,5,242337,0,0,0
01-02-2015,S1F0QYMX,0,110387528,0,0,0,5,249796,0,0,5
01-02-2015,S1F0QYND,0,78767184,1160,0,17,6,249650,0,0,2
01-02-2015,S1F0QYPA,0,11055136,0,0,0,8,185633,0,0,0
01-02-2015,S1F0QYRB,0,110330288,0,0,6,10,211587,0,0,0
01-02-2015,S1F0QYRS,0,210554256,0,0,0,11,218626,0,0,4
01-02-2015,S1F0QYX3,0,86258696,0,0,0,16,219577,0,0,3
01-02-2015,S1F0QYX4,0,232670848,0,0,0,8,189751,0,0,1
01-02-2015,S1F0QYYB,0,225794208,0,0,0,11,246340,0,0,0
01-02-2015,S1F0QZ0P,0,53183008,0,0,1,16,217411,6,6,1
01-02-2015,S1F0QZSF,0,122885680,0,0,0,9,190676,0,0,0
01-02-2015,S1F0QZXV,0,171739904,0,0,0,7,201766,0,0,0
01-02-2015,S1F0QZYJ,0,185189272,0,0,0,11,249855,0,0,0
01-02-2015,S1F0R0JT,0,169618312,0,0,0,17,218640,0,0,0
01-02-2015,S1F0R0PX,0,26176080,0,0,0,12,217718,0,0,0
01-02-2015,S1F0R12B,0,135693536,0,0,0,6,216786,0,0,0
01-02-2015,S1F0R12Y,0,80872920,0,0,0,9,218320,0,0,1
01-02-2015,S1F0R15Y,0,127055904,0,0,0,6,221654,0,0,0
01-02-2015,S1F0R1GK,0,80950920,0,0,0,17,217588,0,0,0
01-02-2015,S1F0R20R,0,221659304,0,0,0,10,218252,0,0,0
01-02-2015,S1F0R2CW,0,121788584,0,0,0,9,219881,0,0,0
01-02-2015,S1F0R2KW,0,201156808,0,0,0,8,218789,0,0,0
01-02-2015,S1F0R2RJ,0,198587304,0,0,0,9,184664,0,0,0
01-02-2015,S1F0R2S6,0,203915632,0,0,0,8,189307,0,0,5
01-02-2015,S1F0R2SV,0,45748232,0,0,0,13,219223,0,0,1
01-02-2015,S1F0R2VP,0,108764968,0,0,0,12,222293,0,0,0
01-02-2015,S1F0R2VR,0,92191168,0,0,0,6,190174,0,0,0
01-02-2015,S1F0R37Q,0,110570568,0,0,0,7,189852,0,0,4
01-02-2015,S1F0R3FB,0,137122536,0,0,12,6,221072,0,0,0
01-02-2015,S1F0R3JV,0,200267680,0,0,0,6,200292,0,0,0
01-02-2015,S1F0R3LG,0,231654936,0,0,0,6,217162,0,0,0
01-02-2015,S1F0R3N9,0,80287024,0,0,6,16,219047,0,0,0
01-02-2015,S1F0R4JP,0,37763416,0,0,0,16,209646,0,0,0
01-02-2015,S1F0R4JY,0,93755904,0,0,0,7,388778,0,0,0
01-02-2015,S1F0R4Q8,0,98792592,0,0,0,6,196576,0,0,0
01-02-2015,S1F0R4YC,0,75276784,0,0,27,11,216368,0,0,0
01-02-2015,S1F0RG6V,0,223642376,0,0,0,8,186469,0,0,0
01-02-2015,S1F0RKT7,0,68678616,0,0,0,9,334400,0,0,13
01-02-2015,S1F0RM77,0,139718248,0,0,0,11,200393,0,0,0
01-02-2015,S1F0RQLR,0,182101840,0,0,0,7,244421,0,0,0
01-02-2015,S1F0RR0C,0,27879976,0,0,0,12,312015,0,0,0
01-02-2015,S1F0RR2E,0,156292400,0,0,0,8,248396,0,0,0
01-02-2015,S1F0RR35,0,215517192,136,0,0,12,264065,0,0,0
01-02-2015,S1F0RR5M,0,35457352,0,0,6,10,193540,0,0,0
01-02-2015,S1F0RR69,0,73546600,0,0,6,10,327793,0,0,0
01-02-2015,S1F0RR7L,0,207830296,0,0,0,13,243870,0,0,0
01-02-2015,S1F0RRB1,0,13307628,64776,0,49,8,39267,56,56,1
01-02-2015,S1F0RRDW,0,183099880,0,0,0,8,244580,0,0,0
01-02-2015,S1F0RREN,0,70867496,0,0,0,11,200008,0,0,1
01-02-2015,S1F0RRXY,0,220171672,0,0,0,6,385044,0,0,0
01-02-2015,S1F0RS3B,0,233112656,0,0,0,7,247482,0,0,0
01-02-2015,S1F0RS72,0,1210944,0,0,0,8,263309,0,0,15
01-02-2015,S1F0RS81,0,135395304,0,0,0,13,247448,0,0,0
01-02-2015,S1F0RSDT,0,209065056,0,0,0,8,194458,0,0,3
01-02-2015,S1F0RSER,0,196852448,0,0,0,7,299006,0,0,0
01-02-2015,S1F0RSFT,0,137174008,0,0,0,12,180301,0,0,0
01-02-2015,S1F0RSG7,0,39609336,0,406,0,12,305096,0,0,2637
01-02-2015,S1F0RSML,0,1934224,0,0,0,13,383682,0,0,0
01-02-2015,S1F0RSMR,0,206628136,0,0,0,9,244271,0,0,26
01-02-2015,S1F0RSWJ,0,111660712,0,0,0,12,249324,0,0,0
01-02-2015,S1F0RSXC,0,66130280,0,0,0,8,141203,0,0,1
01-02-2015,S1F0RSZP,0,103184272,0,0,0,13,245369,0,0,0
01-02-2015,S1F0RSZZ,0,121252960,0,0,0,12,194618,0,0,0
01-02-2015,S1F0RTQV,0,187797144,0,0,0,10,388954,0,0,0
01-02-2015,S1F0RV6Z,0,25236616,0,0,0,7,385271,0,0,0
01-02-2015,S1F0RVG8,0,223307640,0,0,6,6,298480,0,0,8
01-02-2015,S1F0RVVR,0,222344224,0,0,0,7,180778,0,0,0
01-02-2015,S1F0S02A,0,110995064,0,0,0,7,244565,0,0,0
01-02-2015,S1F0S0NC,0,74145024,0,0,0,7,193019,0,0,2
01-02-2015,S1F0S1QK,0,32339568,0,0,0,7,384650,0,0,2
01-02-2015,S1F0S2WJ,0,114335824,1184,0,0,14,245315,8,8,0
01-02-2015,S1F0S30R,0,152493080,0,0,0,13,236817,0,0,0
01-02-2015,S1F0S33G,0,125936416,32,0,6,11,174044,0,0,7
01-02-2015,S1F0S34C,0,47867008,0,1331,0,13,200684,0,0,34
01-02-2015,S1F0S34Q,0,52215080,64728,0,10,13,195735,8,8,0
01-02-2015,S1F0S351,0,7320304,0,0,0,8,248514,0,0,0
01-02-2015,S1F0S363,0,35841888,0,0,0,11,387198,0,0,0
01-02-2015,S1F0S382,0,220715552,0,0,0,13,244482,0,0,0
01-02-2015,S1F0S387,0,201872280,0,2,0,12,244514,0,0,34
01-02-2015,S1F0S3A3,0,72885640,0,0,0,6,191243,0,0,1
01-02-2015,S1F0S3CR,0,131694112,0,0,0,7,382323,0,0,0
01-02-2015,S1F0S3DF,0,200815296,0,0,0,8,190882,0,0,2
01-02-2015,S1F0S454,0,78146904,0,0,0,6,383967,0,0,0
01-02-2015,S1F0S49E,0,138968368,0,0,0,8,244899,0,0,0
01-02-2015,S1F0S4CA,0,10643528,712,0,69,12,189198,0,0,0
01-02-2015,S1F0S4EG,0,44853088,0,0,0,6,238024,0,0,0
01-02-2015,S1F0S4G4,0,4021736,0,0,0,7,192396,0,0,0
01-02-2015,S1F0S4GB,0,111942136,0,0,0,6,383380,0,0,0
01-02-2015,S1F0S4MG,0,204897784,0,0,0,13,241041,0,0,0
01-02-2015,S1F0S4QZ,0,60803272,0,0,0,7,331634,0,0,0
01-02-2015,S1F0S4T6,0,91453488,0,0,0,9,244883,0,0,0
01-02-2015,S1F0S4WV,0,9528848,0,0,0,10,193835,0,0,0
01-02-2015,S1F0S4Y9,0,73939168,0,0,76,10,184060,16,16,0
01-02-2015,S1F0S517,0,97061976,0,0,0,8,216085,0,0,0
01-02-2015,S1F0S52H,0,2975792,0,0,0,12,263368,0,0,0
01-02-2015,S1F0S537,0,79578896,0,0,0,8,246988,0,0,1
01-02-2015,S1F0S561,0,63040616,0,0,0,13,237580,0,0,0
01-02-2015,S1F0S57T,0,112938784,0,0,0,7,244766,0,0,0
01-02-2015,S1F0S58D,0,73473352,0,0,0,12,199331,0,0,0
01-02-2015,S1F0S5B2,0,66160792,0,0,0,8,298208,0,0,1
01-02-2015,S1F0S5CE,0,226782720,0,0,0,9,263349,0,0,0
01-02-2015,S1F0S5E9,0,120281688,0,0,0,14,243995,0,0,0
01-02-2015,S1F0S5F0,0,47571872,0,0,0,12,243638,0,0,0
01-02-2015,S1F0S5LP,0,78921952,0,21,6,8,246257,0,0,1
01-02-2015,S1F0S5NE,0,76935136,0,0,2,7,303595,0,0,0
01-02-2015,S1F0S5SR,0,191668184,0,0,6,7,211825,0,0,1
01-02-2015,S1F0S5VX,0,198598080,0,0,0,8,190810,0,0,1
01-02-2015,S1F0S5WJ,0,37209928,0,0,0,8,141568,0,0,3
01-02-2015,S1F0S5YZ,0,170406864,0,208,0,9,237000,0,0,25
01-02-2015,S1F0S613,0,175589952,0,0,0,9,193505,0,0,0
01-02-2015,S1F0S62V,0,43462984,0,0,0,8,385663,0,0,4
01-02-2015,S1F0S62Z,0,24347928,0,0,0,11,388823,0,0,1
01-02-2015,S1F0S63A,0,61989664,0,0,0,6,222946,0,0,233
01-02-2015,S1F0S649,0,120067608,0,0,0,11,245361,0,0,0
01-02-2015,S1F0S65X,0,119158024,0,0,0,8,244502,0,0,0
01-02-2015,S1F0S66R,0,77563368,0,0,0,13,237283,0,0,0
01-02-2015,S1F0S68M,0,224767264,0,0,0,11,200924,0,0,0
01-02-2015,S1F0S6AB,0,15137432,0,0,0,14,245002,0,0,0
01-02-2015,S1F0S6B7,0,222559040,0,0,0,11,192272,0,0,0
01-02-2015,S1F0S6EY,0,167090848,0,0,0,11,263479,0,0,8
01-02-2015,S1F0S6FZ,0,105114928,0,220,0,8,244120,0,0,24
01-02-2015,S1F0S6GZ,0,97202632,0,0,0,12,245387,0,0,0
01-02-2015,S1F0S6HH,0,14138264,0,0,0,8,297678,0,0,0
01-02-2015,S1F0S6L1,0,243136848,0,0,0,7,382888,0,0,0
01-02-2015,S1F0S6VR,0,193104352,0,0,0,7,236525,0,0,0
01-02-2015,S1F0S70T,0,229313552,0,0,0,9,244613,0,0,0
01-02-2015,S1F0S7B7,0,143969112,0,0,0,13,302140,0,0,0
01-02-2015,S1F0S7DN,0,115818000,0,0,0,8,299242,0,0,0
01-02-2015,S1F0SAB1,0,171843232,0,0,0,13,218450,0,0,0
01-02-2015,S1F0SAB3,0,174562560,0,0,0,9,190541,0,0,1
01-02-2015,S1F0SAC1,0,74603032,0,0,0,6,191688,0,0,2
01-02-2015,S1F0SBBW,0,197747632,0,0,0,10,190570,0,0,0
01-02-2015,S1F0SBCL,0,243476664,0,0,0,12,190251,0,0,0
01-02-2015,S1F0SBF5,0,128781992,0,0,0,6,200376,0,0,0
01-02-2015,S1F0SBHA,0,198527240,0,0,0,12,242204,0,0,1
01-02-2015,S1F0SBJA,0,200579968,0,0,0,11,242549,0,0,0
01-02-2015,S1F0SBLG,0,66611024,0,0,0,7,191935,0,0,0
01-02-2015,S1F0SBXC,0,129204800,0,0,0,17,219794,0,0,0
01-02-2015,S1F0SC17,0,98485944,0,0,0,12,216947,0,0,0
01-02-2015,S1F0SCHE,0,132796832,0,0,0,6,190935,0,0,3
01-02-2015,S1F0SCPM,0,47157384,0,0,0,7,196789,0,0,2
01-02-2015,S1F0SCT6,0,185687272,0,0,6,16,219685,0,0,0
01-02-2015,S1F0T1AC,0,221406896,7024,0,24,9,235981,0,0,0
01-02-2015,S1F0T1BB,0,73130480,0,0,0,8,302240,0,0,0
01-02-2015,S1F0T1K8,0,30873232,0,1,0,7,248955,0,0,7
01-02-2015,S1F0T22E,0,138688400,0,0,0,11,380986,0,0,0
01-02-2015,S1F0T24J,0,25656280,0,0,0,12,210882,0,0,0
